# MySQL dump of database 'des_agora' on host 'localhost'
# Backup Date and Time: 2020-07-23 14:19
# Built by FrontAccounting 2.4.8
# http://frontaccounting.com
# Company: DES - AGORA
# User: Administrator

# Compatibility: 2.4.1


SET NAMES latin1;


### Structure of table `areas` ###

DROP TABLE IF EXISTS `areas`;

CREATE TABLE `areas` (
  `area_code` int(11) NOT NULL AUTO_INCREMENT,
  `description` varchar(60) COLLATE utf8_unicode_ci NOT NULL DEFAULT '',
  `inactive` tinyint(1) NOT NULL DEFAULT '0',
  PRIMARY KEY (`area_code`),
  UNIQUE KEY `description` (`description`)
) ENGINE=InnoDB AUTO_INCREMENT=2 DEFAULT CHARSET=utf8 COLLATE=utf8_unicode_ci ;

### Data of table `areas` ###

INSERT INTO `areas` VALUES
('1', 'Global', '0');

### Structure of table `attachments` ###

DROP TABLE IF EXISTS `attachments`;

CREATE TABLE `attachments` (
  `id` int(11) unsigned NOT NULL AUTO_INCREMENT,
  `description` varchar(60) COLLATE utf8_unicode_ci NOT NULL DEFAULT '',
  `type_no` int(11) NOT NULL DEFAULT '0',
  `trans_no` int(11) NOT NULL DEFAULT '0',
  `unique_name` varchar(60) COLLATE utf8_unicode_ci NOT NULL DEFAULT '',
  `tran_date` date NOT NULL DEFAULT '0000-00-00',
  `filename` varchar(60) COLLATE utf8_unicode_ci NOT NULL DEFAULT '',
  `filesize` int(11) NOT NULL DEFAULT '0',
  `filetype` varchar(60) COLLATE utf8_unicode_ci NOT NULL DEFAULT '',
  PRIMARY KEY (`id`),
  KEY `type_no` (`type_no`,`trans_no`)
) ENGINE=InnoDB DEFAULT CHARSET=utf8 COLLATE=utf8_unicode_ci ;

### Data of table `attachments` ###


### Structure of table `audit_trail` ###

DROP TABLE IF EXISTS `audit_trail`;

CREATE TABLE `audit_trail` (
  `id` int(11) NOT NULL AUTO_INCREMENT,
  `type` smallint(6) unsigned NOT NULL DEFAULT '0',
  `trans_no` int(11) unsigned NOT NULL DEFAULT '0',
  `user` smallint(6) unsigned NOT NULL DEFAULT '0',
  `stamp` timestamp NOT NULL DEFAULT CURRENT_TIMESTAMP ON UPDATE CURRENT_TIMESTAMP,
  `description` varchar(60) COLLATE utf8_unicode_ci DEFAULT NULL,
  `fiscal_year` int(11) NOT NULL DEFAULT '0',
  `gl_date` date NOT NULL DEFAULT '0000-00-00',
  `gl_seq` int(11) unsigned DEFAULT NULL,
  PRIMARY KEY (`id`),
  KEY `Seq` (`fiscal_year`,`gl_date`,`gl_seq`),
  KEY `Type_and_Number` (`type`,`trans_no`)
) ENGINE=InnoDB DEFAULT CHARSET=utf8 COLLATE=utf8_unicode_ci ;

### Data of table `audit_trail` ###


### Structure of table `bank_accounts` ###

DROP TABLE IF EXISTS `bank_accounts`;

CREATE TABLE `bank_accounts` (
  `account_code` varchar(15) COLLATE utf8_unicode_ci NOT NULL DEFAULT '',
  `account_type` smallint(6) NOT NULL DEFAULT '0',
  `bank_account_name` varchar(60) COLLATE utf8_unicode_ci NOT NULL DEFAULT '',
  `bank_account_number` varchar(100) COLLATE utf8_unicode_ci NOT NULL DEFAULT '',
  `bank_name` varchar(60) COLLATE utf8_unicode_ci NOT NULL DEFAULT '',
  `bank_address` tinytext COLLATE utf8_unicode_ci,
  `bank_curr_code` char(3) COLLATE utf8_unicode_ci NOT NULL DEFAULT '',
  `dflt_curr_act` tinyint(1) NOT NULL DEFAULT '0',
  `id` smallint(6) NOT NULL AUTO_INCREMENT,
  `bank_charge_act` varchar(15) COLLATE utf8_unicode_ci NOT NULL DEFAULT '',
  `last_reconciled_date` timestamp NOT NULL DEFAULT '0000-00-00 00:00:00',
  `ending_reconcile_balance` double NOT NULL DEFAULT '0',
  `inactive` tinyint(1) NOT NULL DEFAULT '0',
  PRIMARY KEY (`id`),
  KEY `bank_account_name` (`bank_account_name`),
  KEY `bank_account_number` (`bank_account_number`),
  KEY `account_code` (`account_code`)
) ENGINE=InnoDB AUTO_INCREMENT=3 DEFAULT CHARSET=utf8 COLLATE=utf8_unicode_ci ;

### Data of table `bank_accounts` ###

INSERT INTO `bank_accounts` VALUES
('1200', '0', 'Current account', '1234-5678-90', 'Bank of the Philippine Islands', 'Malolos Highway', 'PHP', '0', '1', '9450', '0000-00-00 00:00:00', '0', '0'),
('1100', '3', 'Petty Cash account', 'N/A', 'N/A', NULL, 'PHP', '0', '2', '9450', '0000-00-00 00:00:00', '0', '0');

### Structure of table `bank_trans` ###

DROP TABLE IF EXISTS `bank_trans`;

CREATE TABLE `bank_trans` (
  `id` int(11) NOT NULL AUTO_INCREMENT,
  `type` smallint(6) DEFAULT NULL,
  `trans_no` int(11) DEFAULT NULL,
  `bank_act` varchar(15) COLLATE utf8_unicode_ci NOT NULL DEFAULT '',
  `ref` varchar(40) COLLATE utf8_unicode_ci DEFAULT NULL,
  `trans_date` date NOT NULL DEFAULT '0000-00-00',
  `amount` double DEFAULT NULL,
  `dimension_id` int(11) NOT NULL DEFAULT '0',
  `dimension2_id` int(11) NOT NULL DEFAULT '0',
  `person_type_id` int(11) NOT NULL DEFAULT '0',
  `person_id` tinyblob,
  `reconciled` date DEFAULT NULL,
  PRIMARY KEY (`id`),
  KEY `bank_act` (`bank_act`,`ref`),
  KEY `type` (`type`,`trans_no`),
  KEY `bank_act_2` (`bank_act`,`reconciled`),
  KEY `bank_act_3` (`bank_act`,`trans_date`)
) ENGINE=InnoDB DEFAULT CHARSET=utf8 COLLATE=utf8_unicode_ci ;

### Data of table `bank_trans` ###


### Structure of table `bom` ###

DROP TABLE IF EXISTS `bom`;

CREATE TABLE `bom` (
  `id` int(11) NOT NULL AUTO_INCREMENT,
  `parent` char(20) COLLATE utf8_unicode_ci NOT NULL DEFAULT '',
  `component` char(20) COLLATE utf8_unicode_ci NOT NULL DEFAULT '',
  `workcentre_added` int(11) NOT NULL DEFAULT '0',
  `loc_code` char(5) COLLATE utf8_unicode_ci NOT NULL DEFAULT '',
  `quantity` double NOT NULL DEFAULT '1',
  PRIMARY KEY (`parent`,`component`,`workcentre_added`,`loc_code`),
  KEY `component` (`component`),
  KEY `id` (`id`),
  KEY `loc_code` (`loc_code`),
  KEY `parent` (`parent`,`loc_code`),
  KEY `workcentre_added` (`workcentre_added`)
) ENGINE=InnoDB DEFAULT CHARSET=utf8 COLLATE=utf8_unicode_ci ;

### Data of table `bom` ###


### Structure of table `budget_trans` ###

DROP TABLE IF EXISTS `budget_trans`;

CREATE TABLE `budget_trans` (
  `id` int(11) NOT NULL AUTO_INCREMENT,
  `tran_date` date NOT NULL DEFAULT '0000-00-00',
  `account` varchar(15) COLLATE utf8_unicode_ci NOT NULL DEFAULT '',
  `memo_` tinytext COLLATE utf8_unicode_ci NOT NULL,
  `amount` double NOT NULL DEFAULT '0',
  `dimension_id` int(11) DEFAULT '0',
  `dimension2_id` int(11) DEFAULT '0',
  PRIMARY KEY (`id`),
  KEY `Account` (`account`,`tran_date`,`dimension_id`,`dimension2_id`)
) ENGINE=InnoDB DEFAULT CHARSET=utf8 COLLATE=utf8_unicode_ci ;

### Data of table `budget_trans` ###


### Structure of table `chart_class` ###

DROP TABLE IF EXISTS `chart_class`;

CREATE TABLE `chart_class` (
  `cid` varchar(3) COLLATE utf8_unicode_ci NOT NULL,
  `class_name` varchar(60) COLLATE utf8_unicode_ci NOT NULL DEFAULT '',
  `ctype` tinyint(1) NOT NULL DEFAULT '0',
  `inactive` tinyint(1) NOT NULL DEFAULT '0',
  PRIMARY KEY (`cid`)
) ENGINE=InnoDB DEFAULT CHARSET=utf8 COLLATE=utf8_unicode_ci ;

### Data of table `chart_class` ###

INSERT INTO `chart_class` VALUES
('1', 'Assets', '1', '0'),
('2', 'Liabilities', '2', '0'),
('3', 'Income', '4', '0'),
('4', 'Costs &amp; Expenses', '6', '0'),
('5', 'Equity', '3', '0');

### Structure of table `chart_master` ###

DROP TABLE IF EXISTS `chart_master`;

CREATE TABLE `chart_master` (
  `account_code` varchar(15) COLLATE utf8_unicode_ci NOT NULL DEFAULT '',
  `account_code2` varchar(15) COLLATE utf8_unicode_ci NOT NULL DEFAULT '',
  `account_name` varchar(60) COLLATE utf8_unicode_ci NOT NULL DEFAULT '',
  `account_type` varchar(10) COLLATE utf8_unicode_ci NOT NULL DEFAULT '0',
  `inactive` tinyint(1) NOT NULL DEFAULT '0',
  PRIMARY KEY (`account_code`),
  KEY `account_name` (`account_name`),
  KEY `accounts_by_type` (`account_type`,`account_code`)
) ENGINE=InnoDB DEFAULT CHARSET=utf8 COLLATE=utf8_unicode_ci ;

### Data of table `chart_master` ###

INSERT INTO `chart_master` VALUES
('1100', '', 'Petty Cash', '1', '0'),
('1200', '', 'Current Account', '1', '0'),
('1400', '', 'Savings Account', '1', '0'),
('1500', '', 'Special Deposits/Marketable Securities', '1', '0'),
('2000', '', 'Accounts Receivable', '1', '0'),
('2099', '', 'Allowance for Doubtful Accounts', '1', '0'),
('3000', '', 'Inventory', '1', '0'),
('3050', '', 'Purchases', '1', '0'),
('3099', '', 'Purchase Discounts and Allowances', '1', '0'),
('3200', '', 'Input VAT', '1', '0'),
('3400', '', 'Prepaid Expenses', '1', '0'),
('3900', '', 'Other Current Assets', '1', '0'),
('4100', '', 'Reall Properties/Land &amp; Building', '2', '0'),
('4199', '', 'Accum. Depreciation - Real Properties', '2', '0'),
('4200', '', 'Machinery &amp; Equipment', '2', '0'),
('4299', '', 'Accum. Depreciation - Machinery &amp; Equipment', '2', '0'),
('4300', '', 'Office Equipment', '2', '0'),
('4399', '', 'Accum. Depreciation - Office Equipment', '2', '0'),
('4400', '', 'Computers and Network Equipment', '2', '0'),
('4499', '', 'Accum. Depreciation - Computers and Network Equipment', '2', '0'),
('4500', '', 'Furniture &amp; Fixtures', '2', '0'),
('4599', '', 'Accum. Depreciation - Furnitures &amp; Fixtures', '2', '0'),
('4600', '', 'Leasehold Improvements', '2', '0'),
('4699', '', 'Accum. Depreciation - Leasehold Improvements', '2', '0'),
('4700', '', 'Transportation &amp; Delivery Equipment', '2', '0'),
('4799', '', 'Accum. Depreciation - Transportation &amp; Delivery', '2', '0'),
('4800', '', 'Softwares and Intangibles', '2', '0'),
('4899', '', 'Accum. Depreciation - Softwares &amp; Intangibles', '2', '0'),
('4900', '', 'Other Assets', '3', '0'),
('5020', '', 'Accounts Payable', '4', '0'),
('5040', '', 'Compensation Withholding Taxes Payable', '4', '0'),
('5060', '', 'Expanded Withholding Taxes Payable', '4', '0'),
('5080', '', 'Output VAT Payable', '4', '0'),
('5100', '', 'SSS Premiums Payable', '4', '0'),
('5120', '', 'SSS Loans Payable', '4', '0'),
('5140', '', 'Pagibig Premiums Payable', '4', '0'),
('5160', '', 'Pagibig Loans Payable', '4', '0'),
('5180', '', 'Philhealth Premiums Payable', '4', '0'),
('5300', '', 'Accrued Expenses', '4', '0'),
('5320', '', 'Advances from Shareholders', '4', '0'),
('5340', '', 'Advances from Officers and Employees', '4', '0'),
('5360', '', 'Advances from Customers', '4', '0'),
('5370', '', 'Short Term Loans', '4', '0'),
('5380', '', 'Advances from Others', '4', '0'),
('5390', '', 'Other Current Liabilities', '4', '0'),
('5400', '', 'Dividends Payable', '4', '0'),
('5500', '', 'Long Term Loans', '5', '0'),
('5900', '', 'Other Long Term Liabilities', '5', '0'),
('6100', '', 'Paid Up Capital', '6', '0'),
('6200', '', 'Additional Paid Up Capital', '6', '0'),
('6400', '', 'Deposits for Future Stock Subscription', '6', '0'),
('6499', '', 'Treasury Stocks', '6', '0'),
('6900', '', 'Retained Earnings', '6', '0'),
('7100', '', 'Gross Sales of Goods', '7', '0'),
('7200', '', 'Gross Sales of Properties', '7', '0'),
('7300', '', 'Gross Sales of Services', '7', '0'),
('7400', '', 'Sales Price Variance', '7', '0'),
('7800', '', 'Sales Discounts &amp; Allowances', '7', '0'),
('7900', '', 'Sales Returns', '7', '0'),
('8100', '', 'Costs of Goods Sold', '8', '0'),
('8200', '', 'Cost of Properties', '8', '0'),
('8300', '', 'Cost of Services', '8', '0'),
('8400', '', 'Direct Labor', '8', '0'),
('8500', '', 'Direct Materials and Supplies', '8', '0'),
('8600', '', 'Direct Transportation and Freight', '8', '0'),
('8700', '', 'Purchase Price Variance', '8', '0'),
('8950', '', 'Other Direct Costs', '8', '0'),
('9030', '', 'Salaries and Wages', '9', '0'),
('9060', '', 'Fringe Benefits', '9', '0'),
('9090', '', 'SSS, Philhealth, HDMF &amp; Other Contributions', '9', '0'),
('9120', '', 'Commissions', '9', '0'),
('9150', '', 'Outside Services', '9', '0'),
('9180', '', 'Advertising &amp; Marketing Expenses', '9', '0'),
('9210', '', 'Rental &amp; Leases', '9', '0'),
('9240', '', 'Insurance', '9', '0'),
('9270', '', 'Royalties', '9', '0'),
('9300', '', 'Representation and Entertainment', '9', '0'),
('9330', '', 'Transportation and Travel', '9', '0'),
('9360', '', 'Fuel and Oil', '9', '0'),
('9390', '', 'Communications, Light and Water', '9', '0'),
('9420', '', 'Supplies', '9', '0'),
('9450', '', 'Interest &amp; Bank Charges', '9', '0'),
('9480', '', 'Taxes and Licenses', '9', '0'),
('9510', '', 'Bad Debts', '9', '0'),
('9540', '', 'Depreciation', '9', '0'),
('9570', '', 'Amortization of Intangibles', '9', '0'),
('9600', '', 'Charitable Contribution', '9', '0'),
('9630', '', 'Research and Development', '9', '0'),
('9660', '', 'Amortization of Pension Trust Contribution', '9', '0'),
('9690', '', 'Repairs and Maintenance', '9', '0'),
('9720', '', 'Miscellaneous', '9', '0'),
('9750', '', 'Foreign Exchange Gain or Loss', '9', '0'),
('9780', '', 'Shipping and Handling', '9', '0'),
('9900', '', 'Capital Gain or Loss on Sale of Property', '9', '0'),
('9930', '', 'Interest Income', '9', '0'),
('9960', '', 'Other Gains or Losses', '9', '0'),
('9990', '', 'Other Income', '9', '0'),
('9999', '', 'Income &amp; Expenses Summary', '9', '0');

### Structure of table `chart_types` ###

DROP TABLE IF EXISTS `chart_types`;

CREATE TABLE `chart_types` (
  `id` varchar(10) COLLATE utf8_unicode_ci NOT NULL,
  `name` varchar(60) COLLATE utf8_unicode_ci NOT NULL DEFAULT '',
  `class_id` varchar(3) COLLATE utf8_unicode_ci NOT NULL DEFAULT '',
  `parent` varchar(10) COLLATE utf8_unicode_ci NOT NULL DEFAULT '-1',
  `inactive` tinyint(1) NOT NULL DEFAULT '0',
  PRIMARY KEY (`id`),
  KEY `name` (`name`),
  KEY `class_id` (`class_id`)
) ENGINE=InnoDB DEFAULT CHARSET=utf8 COLLATE=utf8_unicode_ci ;

### Data of table `chart_types` ###

INSERT INTO `chart_types` VALUES
('1', 'Current Assets', '1', '', '0'),
('2', 'Capital Assets', '1', '', '0'),
('3', 'Other Assets', '1', '', '0'),
('4', 'Current Liabilities', '2', '', '0'),
('5', 'Long Term Liabilities', '2', '', '0'),
('6', 'Stockholder Equity', '2', '', '0'),
('7', 'Gross Sales/Revenues', '3', '', '0'),
('8', 'Costs of Sales/Services', '4', '', '0'),
('9', 'General &amp; Administrative Expenses', '4', '', '0');

### Structure of table `comments` ###

DROP TABLE IF EXISTS `comments`;

CREATE TABLE `comments` (
  `type` int(11) NOT NULL DEFAULT '0',
  `id` int(11) NOT NULL DEFAULT '0',
  `date_` date DEFAULT '0000-00-00',
  `memo_` tinytext COLLATE utf8_unicode_ci,
  KEY `type_and_id` (`type`,`id`)
) ENGINE=InnoDB DEFAULT CHARSET=utf8 COLLATE=utf8_unicode_ci ;

### Data of table `comments` ###


### Structure of table `credit_status` ###

DROP TABLE IF EXISTS `credit_status`;

CREATE TABLE `credit_status` (
  `id` int(11) NOT NULL AUTO_INCREMENT,
  `reason_description` char(100) COLLATE utf8_unicode_ci NOT NULL DEFAULT '',
  `dissallow_invoices` tinyint(1) NOT NULL DEFAULT '0',
  `inactive` tinyint(1) NOT NULL DEFAULT '0',
  PRIMARY KEY (`id`),
  UNIQUE KEY `reason_description` (`reason_description`)
) ENGINE=InnoDB AUTO_INCREMENT=5 DEFAULT CHARSET=utf8 COLLATE=utf8_unicode_ci ;

### Data of table `credit_status` ###

INSERT INTO `credit_status` VALUES
('1', 'Good History', '0', '0'),
('3', 'No more work until payment received', '1', '0'),
('4', 'In liquidation', '1', '0');

### Structure of table `crm_categories` ###

DROP TABLE IF EXISTS `crm_categories`;

CREATE TABLE `crm_categories` (
  `id` int(11) NOT NULL AUTO_INCREMENT COMMENT 'pure technical key',
  `type` varchar(20) COLLATE utf8_unicode_ci NOT NULL COMMENT 'contact type e.g. customer',
  `action` varchar(20) COLLATE utf8_unicode_ci NOT NULL COMMENT 'detailed usage e.g. department',
  `name` varchar(30) COLLATE utf8_unicode_ci NOT NULL COMMENT 'for category selector',
  `description` tinytext COLLATE utf8_unicode_ci NOT NULL COMMENT 'usage description',
  `system` tinyint(1) NOT NULL DEFAULT '0' COMMENT 'nonzero for core system usage',
  `inactive` tinyint(1) NOT NULL DEFAULT '0',
  PRIMARY KEY (`id`),
  UNIQUE KEY `type` (`type`,`action`),
  UNIQUE KEY `type_2` (`type`,`name`)
) ENGINE=InnoDB AUTO_INCREMENT=13 DEFAULT CHARSET=utf8 COLLATE=utf8_unicode_ci ;

### Data of table `crm_categories` ###

INSERT INTO `crm_categories` VALUES
('1', 'cust_branch', 'general', 'General', 'General contact data for customer branch (overrides company setting)', '1', '0'),
('2', 'cust_branch', 'invoice', 'Invoices', 'Invoice posting (overrides company setting)', '1', '0'),
('3', 'cust_branch', 'order', 'Orders', 'Order confirmation (overrides company setting)', '1', '0'),
('4', 'cust_branch', 'delivery', 'Deliveries', 'Delivery coordination (overrides company setting)', '1', '0'),
('5', 'customer', 'general', 'General', 'General contact data for customer', '1', '0'),
('6', 'customer', 'order', 'Orders', 'Order confirmation', '1', '0'),
('7', 'customer', 'delivery', 'Deliveries', 'Delivery coordination', '1', '0'),
('8', 'customer', 'invoice', 'Invoices', 'Invoice posting', '1', '0'),
('9', 'supplier', 'general', 'General', 'General contact data for supplier', '1', '0'),
('10', 'supplier', 'order', 'Orders', 'Order confirmation', '1', '0'),
('11', 'supplier', 'delivery', 'Deliveries', 'Delivery coordination', '1', '0'),
('12', 'supplier', 'invoice', 'Invoices', 'Invoice posting', '1', '0');

### Structure of table `crm_contacts` ###

DROP TABLE IF EXISTS `crm_contacts`;

CREATE TABLE `crm_contacts` (
  `id` int(11) NOT NULL AUTO_INCREMENT,
  `person_id` int(11) NOT NULL DEFAULT '0' COMMENT 'foreign key to crm_contacts',
  `type` varchar(20) COLLATE utf8_unicode_ci NOT NULL COMMENT 'foreign key to crm_categories',
  `action` varchar(20) COLLATE utf8_unicode_ci NOT NULL COMMENT 'foreign key to crm_categories',
  `entity_id` varchar(11) COLLATE utf8_unicode_ci DEFAULT NULL COMMENT 'entity id in related class table',
  PRIMARY KEY (`id`),
  KEY `type` (`type`,`action`)
) ENGINE=InnoDB AUTO_INCREMENT=2 DEFAULT CHARSET=utf8 COLLATE=utf8_unicode_ci ;

### Data of table `crm_contacts` ###

INSERT INTO `crm_contacts` VALUES
('1', '1', 'supplier', 'general', '1');

### Structure of table `crm_persons` ###

DROP TABLE IF EXISTS `crm_persons`;

CREATE TABLE `crm_persons` (
  `id` int(11) NOT NULL AUTO_INCREMENT,
  `ref` varchar(30) COLLATE utf8_unicode_ci NOT NULL,
  `name` varchar(60) COLLATE utf8_unicode_ci NOT NULL,
  `name2` varchar(60) COLLATE utf8_unicode_ci DEFAULT NULL,
  `address` tinytext COLLATE utf8_unicode_ci,
  `phone` varchar(30) COLLATE utf8_unicode_ci DEFAULT NULL,
  `phone2` varchar(30) COLLATE utf8_unicode_ci DEFAULT NULL,
  `fax` varchar(30) COLLATE utf8_unicode_ci DEFAULT NULL,
  `email` varchar(100) COLLATE utf8_unicode_ci DEFAULT NULL,
  `lang` char(5) COLLATE utf8_unicode_ci DEFAULT NULL,
  `notes` tinytext COLLATE utf8_unicode_ci NOT NULL,
  `inactive` tinyint(1) NOT NULL DEFAULT '0',
  PRIMARY KEY (`id`),
  KEY `ref` (`ref`)
) ENGINE=InnoDB AUTO_INCREMENT=2 DEFAULT CHARSET=utf8 COLLATE=utf8_unicode_ci ;

### Data of table `crm_persons` ###

INSERT INTO `crm_persons` VALUES
('1', 'HONSUPPL', '', NULL, '123 main st. manila', NULL, NULL, NULL, NULL, NULL, '', '0');

### Structure of table `currencies` ###

DROP TABLE IF EXISTS `currencies`;

CREATE TABLE `currencies` (
  `currency` varchar(60) COLLATE utf8_unicode_ci NOT NULL DEFAULT '',
  `curr_abrev` char(3) COLLATE utf8_unicode_ci NOT NULL DEFAULT '',
  `curr_symbol` varchar(10) COLLATE utf8_unicode_ci NOT NULL DEFAULT '',
  `country` varchar(100) COLLATE utf8_unicode_ci NOT NULL DEFAULT '',
  `hundreds_name` varchar(15) COLLATE utf8_unicode_ci NOT NULL DEFAULT '',
  `auto_update` tinyint(1) NOT NULL DEFAULT '1',
  `inactive` tinyint(1) NOT NULL DEFAULT '0',
  PRIMARY KEY (`curr_abrev`)
) ENGINE=InnoDB DEFAULT CHARSET=utf8 COLLATE=utf8_unicode_ci ;

### Data of table `currencies` ###

INSERT INTO `currencies` VALUES
('Phillipine Pesos', 'PHP', 'P$', 'Phillipines', 'Sentimo', '1', '0');

### Structure of table `cust_allocations` ###

DROP TABLE IF EXISTS `cust_allocations`;

CREATE TABLE `cust_allocations` (
  `id` int(11) NOT NULL AUTO_INCREMENT,
  `person_id` int(11) DEFAULT NULL,
  `amt` double unsigned DEFAULT NULL,
  `date_alloc` date NOT NULL DEFAULT '0000-00-00',
  `trans_no_from` int(11) DEFAULT NULL,
  `trans_type_from` int(11) DEFAULT NULL,
  `trans_no_to` int(11) DEFAULT NULL,
  `trans_type_to` int(11) DEFAULT NULL,
  PRIMARY KEY (`id`),
  UNIQUE KEY `person_id` (`person_id`,`trans_type_from`,`trans_no_from`,`trans_type_to`,`trans_no_to`),
  KEY `From` (`trans_type_from`,`trans_no_from`),
  KEY `To` (`trans_type_to`,`trans_no_to`)
) ENGINE=InnoDB DEFAULT CHARSET=utf8 COLLATE=utf8_unicode_ci ;

### Data of table `cust_allocations` ###


### Structure of table `cust_branch` ###

DROP TABLE IF EXISTS `cust_branch`;

CREATE TABLE `cust_branch` (
  `branch_code` int(11) NOT NULL AUTO_INCREMENT,
  `debtor_no` int(11) NOT NULL DEFAULT '0',
  `br_name` varchar(60) COLLATE utf8_unicode_ci NOT NULL DEFAULT '',
  `branch_ref` varchar(30) COLLATE utf8_unicode_ci NOT NULL DEFAULT '',
  `br_address` tinytext COLLATE utf8_unicode_ci NOT NULL,
  `area` int(11) DEFAULT NULL,
  `salesman` int(11) NOT NULL DEFAULT '0',
  `default_location` varchar(5) COLLATE utf8_unicode_ci NOT NULL DEFAULT '',
  `tax_group_id` int(11) DEFAULT NULL,
  `sales_account` varchar(15) COLLATE utf8_unicode_ci NOT NULL DEFAULT '',
  `sales_discount_account` varchar(15) COLLATE utf8_unicode_ci NOT NULL DEFAULT '',
  `receivables_account` varchar(15) COLLATE utf8_unicode_ci NOT NULL DEFAULT '',
  `payment_discount_account` varchar(15) COLLATE utf8_unicode_ci NOT NULL DEFAULT '',
  `default_ship_via` int(11) NOT NULL DEFAULT '1',
  `br_post_address` tinytext COLLATE utf8_unicode_ci NOT NULL,
  `group_no` int(11) NOT NULL DEFAULT '0',
  `notes` tinytext COLLATE utf8_unicode_ci NOT NULL,
  `bank_account` varchar(60) COLLATE utf8_unicode_ci DEFAULT NULL,
  `inactive` tinyint(1) NOT NULL DEFAULT '0',
  PRIMARY KEY (`branch_code`,`debtor_no`),
  KEY `branch_ref` (`branch_ref`),
  KEY `group_no` (`group_no`)
) ENGINE=InnoDB DEFAULT CHARSET=utf8 COLLATE=utf8_unicode_ci ;

### Data of table `cust_branch` ###


### Structure of table `debtor_trans` ###

DROP TABLE IF EXISTS `debtor_trans`;

CREATE TABLE `debtor_trans` (
  `trans_no` int(11) unsigned NOT NULL DEFAULT '0',
  `type` smallint(6) unsigned NOT NULL DEFAULT '0',
  `version` tinyint(1) unsigned NOT NULL DEFAULT '0',
  `debtor_no` int(11) unsigned DEFAULT NULL,
  `branch_code` int(11) NOT NULL DEFAULT '-1',
  `tran_date` date NOT NULL DEFAULT '0000-00-00',
  `due_date` date NOT NULL DEFAULT '0000-00-00',
  `reference` varchar(60) COLLATE utf8_unicode_ci NOT NULL DEFAULT '',
  `tpe` int(11) NOT NULL DEFAULT '0',
  `order_` int(11) NOT NULL DEFAULT '0',
  `ov_amount` double NOT NULL DEFAULT '0',
  `ov_gst` double NOT NULL DEFAULT '0',
  `ov_freight` double NOT NULL DEFAULT '0',
  `ov_freight_tax` double NOT NULL DEFAULT '0',
  `ov_discount` double NOT NULL DEFAULT '0',
  `alloc` double NOT NULL DEFAULT '0',
  `prep_amount` double NOT NULL DEFAULT '0',
  `rate` double NOT NULL DEFAULT '1',
  `ship_via` int(11) DEFAULT NULL,
  `dimension_id` int(11) NOT NULL DEFAULT '0',
  `dimension2_id` int(11) NOT NULL DEFAULT '0',
  `payment_terms` int(11) DEFAULT NULL,
  `tax_included` tinyint(1) unsigned NOT NULL DEFAULT '0',
  PRIMARY KEY (`type`,`trans_no`),
  KEY `debtor_no` (`debtor_no`,`branch_code`),
  KEY `tran_date` (`tran_date`),
  KEY `order_` (`order_`)
) ENGINE=InnoDB DEFAULT CHARSET=utf8 COLLATE=utf8_unicode_ci ;

### Data of table `debtor_trans` ###


### Structure of table `debtor_trans_details` ###

DROP TABLE IF EXISTS `debtor_trans_details`;

CREATE TABLE `debtor_trans_details` (
  `id` int(11) NOT NULL AUTO_INCREMENT,
  `debtor_trans_no` int(11) DEFAULT NULL,
  `debtor_trans_type` int(11) DEFAULT NULL,
  `stock_id` varchar(20) COLLATE utf8_unicode_ci NOT NULL DEFAULT '',
  `description` tinytext COLLATE utf8_unicode_ci,
  `unit_price` double NOT NULL DEFAULT '0',
  `unit_tax` double NOT NULL DEFAULT '0',
  `quantity` double NOT NULL DEFAULT '0',
  `discount_percent` double NOT NULL DEFAULT '0',
  `standard_cost` double NOT NULL DEFAULT '0',
  `qty_done` double NOT NULL DEFAULT '0',
  `src_id` int(11) NOT NULL,
  PRIMARY KEY (`id`),
  KEY `Transaction` (`debtor_trans_type`,`debtor_trans_no`),
  KEY `src_id` (`src_id`)
) ENGINE=InnoDB DEFAULT CHARSET=utf8 COLLATE=utf8_unicode_ci ;

### Data of table `debtor_trans_details` ###


### Structure of table `debtors_master` ###

DROP TABLE IF EXISTS `debtors_master`;

CREATE TABLE `debtors_master` (
  `debtor_no` int(11) NOT NULL AUTO_INCREMENT,
  `name` varchar(100) COLLATE utf8_unicode_ci NOT NULL DEFAULT '',
  `debtor_ref` varchar(30) COLLATE utf8_unicode_ci NOT NULL,
  `address` tinytext COLLATE utf8_unicode_ci,
  `tax_id` varchar(55) COLLATE utf8_unicode_ci NOT NULL DEFAULT '',
  `curr_code` char(3) COLLATE utf8_unicode_ci NOT NULL DEFAULT '',
  `sales_type` int(11) NOT NULL DEFAULT '1',
  `dimension_id` int(11) NOT NULL DEFAULT '0',
  `dimension2_id` int(11) NOT NULL DEFAULT '0',
  `credit_status` int(11) NOT NULL DEFAULT '0',
  `payment_terms` int(11) DEFAULT NULL,
  `discount` double NOT NULL DEFAULT '0',
  `pymt_discount` double NOT NULL DEFAULT '0',
  `credit_limit` float NOT NULL DEFAULT '1000',
  `notes` tinytext COLLATE utf8_unicode_ci NOT NULL,
  `inactive` tinyint(1) NOT NULL DEFAULT '0',
  PRIMARY KEY (`debtor_no`),
  UNIQUE KEY `debtor_ref` (`debtor_ref`),
  KEY `name` (`name`)
) ENGINE=InnoDB DEFAULT CHARSET=utf8 COLLATE=utf8_unicode_ci ;

### Data of table `debtors_master` ###


### Structure of table `dimensions` ###

DROP TABLE IF EXISTS `dimensions`;

CREATE TABLE `dimensions` (
  `id` int(11) NOT NULL AUTO_INCREMENT,
  `reference` varchar(60) COLLATE utf8_unicode_ci NOT NULL DEFAULT '',
  `name` varchar(60) COLLATE utf8_unicode_ci NOT NULL DEFAULT '',
  `type_` tinyint(1) NOT NULL DEFAULT '1',
  `closed` tinyint(1) NOT NULL DEFAULT '0',
  `date_` date NOT NULL DEFAULT '0000-00-00',
  `due_date` date NOT NULL DEFAULT '0000-00-00',
  PRIMARY KEY (`id`),
  UNIQUE KEY `reference` (`reference`),
  KEY `date_` (`date_`),
  KEY `due_date` (`due_date`),
  KEY `type_` (`type_`)
) ENGINE=InnoDB DEFAULT CHARSET=utf8 COLLATE=utf8_unicode_ci ;

### Data of table `dimensions` ###


### Structure of table `exchange_rates` ###

DROP TABLE IF EXISTS `exchange_rates`;

CREATE TABLE `exchange_rates` (
  `id` int(11) NOT NULL AUTO_INCREMENT,
  `curr_code` char(3) COLLATE utf8_unicode_ci NOT NULL DEFAULT '',
  `rate_buy` double NOT NULL DEFAULT '0',
  `rate_sell` double NOT NULL DEFAULT '0',
  `date_` date NOT NULL DEFAULT '0000-00-00',
  PRIMARY KEY (`id`),
  UNIQUE KEY `curr_code` (`curr_code`,`date_`)
) ENGINE=InnoDB DEFAULT CHARSET=utf8 COLLATE=utf8_unicode_ci ;

### Data of table `exchange_rates` ###


### Structure of table `fiscal_year` ###

DROP TABLE IF EXISTS `fiscal_year`;

CREATE TABLE `fiscal_year` (
  `id` int(11) NOT NULL AUTO_INCREMENT,
  `begin` date DEFAULT '0000-00-00',
  `end` date DEFAULT '0000-00-00',
  `closed` tinyint(1) NOT NULL DEFAULT '0',
  PRIMARY KEY (`id`),
  UNIQUE KEY `begin` (`begin`),
  UNIQUE KEY `end` (`end`)
) ENGINE=InnoDB AUTO_INCREMENT=5 DEFAULT CHARSET=utf8 COLLATE=utf8_unicode_ci ;

### Data of table `fiscal_year` ###

INSERT INTO `fiscal_year` VALUES
('1', '2017-01-01', '2017-12-31', '0'),
('2', '2018-01-01', '2018-12-31', '0'),
('3', '2019-01-01', '2019-12-31', '0'),
('4', '2020-01-01', '2020-12-31', '0');

### Structure of table `gl_trans` ###

DROP TABLE IF EXISTS `gl_trans`;

CREATE TABLE `gl_trans` (
  `counter` int(11) NOT NULL AUTO_INCREMENT,
  `type` smallint(6) NOT NULL DEFAULT '0',
  `type_no` int(11) NOT NULL DEFAULT '0',
  `tran_date` date NOT NULL DEFAULT '0000-00-00',
  `account` varchar(15) COLLATE utf8_unicode_ci NOT NULL DEFAULT '',
  `memo_` tinytext COLLATE utf8_unicode_ci NOT NULL,
  `amount` double NOT NULL DEFAULT '0',
  `dimension_id` int(11) NOT NULL DEFAULT '0',
  `dimension2_id` int(11) NOT NULL DEFAULT '0',
  `person_type_id` int(11) DEFAULT NULL,
  `person_id` tinyblob,
  PRIMARY KEY (`counter`),
  KEY `Type_and_Number` (`type`,`type_no`),
  KEY `dimension_id` (`dimension_id`),
  KEY `dimension2_id` (`dimension2_id`),
  KEY `tran_date` (`tran_date`),
  KEY `account_and_tran_date` (`account`,`tran_date`)
) ENGINE=InnoDB DEFAULT CHARSET=utf8 COLLATE=utf8_unicode_ci ;

### Data of table `gl_trans` ###


### Structure of table `grn_batch` ###

DROP TABLE IF EXISTS `grn_batch`;

CREATE TABLE `grn_batch` (
  `id` int(11) NOT NULL AUTO_INCREMENT,
  `supplier_id` int(11) NOT NULL DEFAULT '0',
  `purch_order_no` int(11) DEFAULT NULL,
  `reference` varchar(60) COLLATE utf8_unicode_ci NOT NULL DEFAULT '',
  `delivery_date` date NOT NULL DEFAULT '0000-00-00',
  `loc_code` varchar(5) COLLATE utf8_unicode_ci DEFAULT NULL,
  `rate` double DEFAULT '1',
  PRIMARY KEY (`id`),
  KEY `delivery_date` (`delivery_date`),
  KEY `purch_order_no` (`purch_order_no`)
) ENGINE=InnoDB DEFAULT CHARSET=utf8 COLLATE=utf8_unicode_ci ;

### Data of table `grn_batch` ###


### Structure of table `grn_items` ###

DROP TABLE IF EXISTS `grn_items`;

CREATE TABLE `grn_items` (
  `id` int(11) NOT NULL AUTO_INCREMENT,
  `grn_batch_id` int(11) DEFAULT NULL,
  `po_detail_item` int(11) NOT NULL DEFAULT '0',
  `item_code` varchar(20) COLLATE utf8_unicode_ci NOT NULL DEFAULT '',
  `description` tinytext COLLATE utf8_unicode_ci,
  `qty_recd` double NOT NULL DEFAULT '0',
  `quantity_inv` double NOT NULL DEFAULT '0',
  PRIMARY KEY (`id`),
  KEY `grn_batch_id` (`grn_batch_id`)
) ENGINE=InnoDB DEFAULT CHARSET=utf8 COLLATE=utf8_unicode_ci ;

### Data of table `grn_items` ###


### Structure of table `groups` ###

DROP TABLE IF EXISTS `groups`;

CREATE TABLE `groups` (
  `id` smallint(6) unsigned NOT NULL AUTO_INCREMENT,
  `description` varchar(60) COLLATE utf8_unicode_ci NOT NULL DEFAULT '',
  `inactive` tinyint(1) NOT NULL DEFAULT '0',
  PRIMARY KEY (`id`),
  UNIQUE KEY `description` (`description`)
) ENGINE=InnoDB AUTO_INCREMENT=4 DEFAULT CHARSET=utf8 COLLATE=utf8_unicode_ci ;

### Data of table `groups` ###

INSERT INTO `groups` VALUES
('1', 'Small', '0'),
('2', 'Medium', '0'),
('3', 'Large', '0');

### Structure of table `item_codes` ###

DROP TABLE IF EXISTS `item_codes`;

CREATE TABLE `item_codes` (
  `id` int(11) unsigned NOT NULL AUTO_INCREMENT,
  `item_code` varchar(20) COLLATE utf8_unicode_ci NOT NULL,
  `stock_id` varchar(20) COLLATE utf8_unicode_ci NOT NULL,
  `description` varchar(200) COLLATE utf8_unicode_ci NOT NULL DEFAULT '',
  `category_id` smallint(6) unsigned NOT NULL,
  `quantity` double NOT NULL DEFAULT '1',
  `is_foreign` tinyint(1) NOT NULL DEFAULT '0',
  `inactive` tinyint(1) NOT NULL DEFAULT '0',
  PRIMARY KEY (`id`),
  UNIQUE KEY `stock_id` (`stock_id`,`item_code`),
  KEY `item_code` (`item_code`)
) ENGINE=InnoDB AUTO_INCREMENT=5 DEFAULT CHARSET=utf8 COLLATE=utf8_unicode_ci ;

### Data of table `item_codes` ###

INSERT INTO `item_codes` VALUES
('1', 'click125i', 'click125i', 'Click125i', '5', '1', '0', '0'),
('2', '1234567890', 'click125i', 'Honda Click125 BLACK', '5', '1', '1', '0'),
('3', '1234567891', 'click125i', 'Honda Click125 BLUE', '5', '1', '1', '0'),
('4', '1234567892', 'click125i', 'Honda Click125 RED', '5', '1', '1', '0');

### Structure of table `item_tax_type_exemptions` ###

DROP TABLE IF EXISTS `item_tax_type_exemptions`;

CREATE TABLE `item_tax_type_exemptions` (
  `item_tax_type_id` int(11) NOT NULL DEFAULT '0',
  `tax_type_id` int(11) NOT NULL DEFAULT '0',
  PRIMARY KEY (`item_tax_type_id`,`tax_type_id`)
) ENGINE=InnoDB DEFAULT CHARSET=utf8 COLLATE=utf8_unicode_ci ;

### Data of table `item_tax_type_exemptions` ###


### Structure of table `item_tax_types` ###

DROP TABLE IF EXISTS `item_tax_types`;

CREATE TABLE `item_tax_types` (
  `id` int(11) NOT NULL AUTO_INCREMENT,
  `name` varchar(60) COLLATE utf8_unicode_ci NOT NULL DEFAULT '',
  `exempt` tinyint(1) NOT NULL DEFAULT '0',
  `inactive` tinyint(1) NOT NULL DEFAULT '0',
  PRIMARY KEY (`id`),
  UNIQUE KEY `name` (`name`)
) ENGINE=InnoDB AUTO_INCREMENT=2 DEFAULT CHARSET=utf8 COLLATE=utf8_unicode_ci ;

### Data of table `item_tax_types` ###

INSERT INTO `item_tax_types` VALUES
('1', 'Regular', '0', '0');

### Structure of table `item_units` ###

DROP TABLE IF EXISTS `item_units`;

CREATE TABLE `item_units` (
  `abbr` varchar(20) COLLATE utf8_unicode_ci NOT NULL,
  `name` varchar(40) COLLATE utf8_unicode_ci NOT NULL,
  `decimals` tinyint(2) NOT NULL,
  `inactive` tinyint(1) NOT NULL DEFAULT '0',
  PRIMARY KEY (`abbr`),
  UNIQUE KEY `name` (`name`)
) ENGINE=InnoDB DEFAULT CHARSET=utf8 COLLATE=utf8_unicode_ci ;

### Data of table `item_units` ###

INSERT INTO `item_units` VALUES
('bot', 'bottle', '0', '0'),
('ea', 'Each', '0', '0'),
('hr', 'Hours', '0', '0'),
('ltr', 'liter', '2', '0'),
('ml', 'mililiter', '0', '0'),
('pc', 'Piece', '0', '0'),
('pk', 'pack', '0', '0'),
('unit', 'Unit', '-1', '0');

### Structure of table `journal` ###

DROP TABLE IF EXISTS `journal`;

CREATE TABLE `journal` (
  `type` smallint(6) NOT NULL DEFAULT '0',
  `trans_no` int(11) NOT NULL DEFAULT '0',
  `tran_date` date DEFAULT '0000-00-00',
  `reference` varchar(60) COLLATE utf8_unicode_ci NOT NULL DEFAULT '',
  `source_ref` varchar(60) COLLATE utf8_unicode_ci NOT NULL DEFAULT '',
  `event_date` date DEFAULT '0000-00-00',
  `doc_date` date NOT NULL DEFAULT '0000-00-00',
  `currency` char(3) COLLATE utf8_unicode_ci NOT NULL DEFAULT '',
  `amount` double NOT NULL DEFAULT '0',
  `rate` double NOT NULL DEFAULT '1',
  PRIMARY KEY (`type`,`trans_no`),
  KEY `tran_date` (`tran_date`)
) ENGINE=InnoDB DEFAULT CHARSET=utf8 COLLATE=utf8_unicode_ci ;

### Data of table `journal` ###


### Structure of table `loc_stock` ###

DROP TABLE IF EXISTS `loc_stock`;

CREATE TABLE `loc_stock` (
  `loc_code` char(5) COLLATE utf8_unicode_ci NOT NULL DEFAULT '',
  `stock_id` char(20) COLLATE utf8_unicode_ci NOT NULL DEFAULT '',
  `reorder_level` double NOT NULL DEFAULT '0',
  PRIMARY KEY (`loc_code`,`stock_id`),
  KEY `stock_id` (`stock_id`)
) ENGINE=InnoDB DEFAULT CHARSET=utf8 COLLATE=utf8_unicode_ci ;

### Data of table `loc_stock` ###

INSERT INTO `loc_stock` VALUES
('DEF', 'click125i', '0');

### Structure of table `locations` ###

DROP TABLE IF EXISTS `locations`;

CREATE TABLE `locations` (
  `loc_code` varchar(5) COLLATE utf8_unicode_ci NOT NULL DEFAULT '',
  `location_name` varchar(60) COLLATE utf8_unicode_ci NOT NULL DEFAULT '',
  `delivery_address` tinytext COLLATE utf8_unicode_ci NOT NULL,
  `phone` varchar(30) COLLATE utf8_unicode_ci NOT NULL DEFAULT '',
  `phone2` varchar(30) COLLATE utf8_unicode_ci NOT NULL DEFAULT '',
  `fax` varchar(30) COLLATE utf8_unicode_ci NOT NULL DEFAULT '',
  `email` varchar(100) COLLATE utf8_unicode_ci NOT NULL DEFAULT '',
  `contact` varchar(30) COLLATE utf8_unicode_ci NOT NULL DEFAULT '',
  `fixed_asset` tinyint(1) NOT NULL DEFAULT '0',
  `inactive` tinyint(1) NOT NULL DEFAULT '0',
  PRIMARY KEY (`loc_code`)
) ENGINE=InnoDB DEFAULT CHARSET=utf8 COLLATE=utf8_unicode_ci ;

### Data of table `locations` ###

INSERT INTO `locations` VALUES
('DEF', 'Branch Current', 'N/A', '', '', '', '', '', '0', '0');

### Structure of table `payment_terms` ###

DROP TABLE IF EXISTS `payment_terms`;

CREATE TABLE `payment_terms` (
  `terms_indicator` int(11) NOT NULL AUTO_INCREMENT,
  `terms` char(80) COLLATE utf8_unicode_ci NOT NULL DEFAULT '',
  `days_before_due` smallint(6) NOT NULL DEFAULT '0',
  `day_in_following_month` smallint(6) NOT NULL DEFAULT '0',
  `inactive` tinyint(1) NOT NULL DEFAULT '0',
  PRIMARY KEY (`terms_indicator`),
  UNIQUE KEY `terms` (`terms`)
) ENGINE=InnoDB AUTO_INCREMENT=5 DEFAULT CHARSET=utf8 COLLATE=utf8_unicode_ci ;

### Data of table `payment_terms` ###

INSERT INTO `payment_terms` VALUES
('1', 'Due 15th Of the Following Month', '0', '17', '0'),
('2', 'Due By End Of The Following Month', '0', '30', '0'),
('3', 'Payment due within 10 days', '10', '0', '0'),
('4', 'Cash Only', '0', '0', '0');

### Structure of table `prices` ###

DROP TABLE IF EXISTS `prices`;

CREATE TABLE `prices` (
  `id` int(11) NOT NULL AUTO_INCREMENT,
  `stock_id` varchar(20) COLLATE utf8_unicode_ci NOT NULL DEFAULT '',
  `sales_type_id` int(11) NOT NULL DEFAULT '0',
  `curr_abrev` char(3) COLLATE utf8_unicode_ci NOT NULL DEFAULT '',
  `price` double NOT NULL DEFAULT '0',
  PRIMARY KEY (`id`),
  UNIQUE KEY `price` (`stock_id`,`sales_type_id`,`curr_abrev`)
) ENGINE=InnoDB DEFAULT CHARSET=utf8 COLLATE=utf8_unicode_ci ;

### Data of table `prices` ###


### Structure of table `print_profiles` ###

DROP TABLE IF EXISTS `print_profiles`;

CREATE TABLE `print_profiles` (
  `id` smallint(6) unsigned NOT NULL AUTO_INCREMENT,
  `profile` varchar(30) COLLATE utf8_unicode_ci NOT NULL,
  `report` varchar(5) COLLATE utf8_unicode_ci DEFAULT NULL,
  `printer` tinyint(3) unsigned DEFAULT NULL,
  PRIMARY KEY (`id`),
  UNIQUE KEY `profile` (`profile`,`report`)
) ENGINE=InnoDB AUTO_INCREMENT=10 DEFAULT CHARSET=utf8 COLLATE=utf8_unicode_ci ;

### Data of table `print_profiles` ###

INSERT INTO `print_profiles` VALUES
('1', 'Out of office', NULL, '0'),
('2', 'Sales Department', NULL, '0'),
('3', 'Central', NULL, '2'),
('4', 'Sales Department', '104', '2'),
('5', 'Sales Department', '105', '2'),
('6', 'Sales Department', '107', '2'),
('7', 'Sales Department', '109', '2'),
('8', 'Sales Department', '110', '2'),
('9', 'Sales Department', '201', '2');

### Structure of table `printers` ###

DROP TABLE IF EXISTS `printers`;

CREATE TABLE `printers` (
  `id` tinyint(3) unsigned NOT NULL AUTO_INCREMENT,
  `name` varchar(20) COLLATE utf8_unicode_ci NOT NULL,
  `description` varchar(60) COLLATE utf8_unicode_ci NOT NULL,
  `queue` varchar(20) COLLATE utf8_unicode_ci NOT NULL,
  `host` varchar(40) COLLATE utf8_unicode_ci NOT NULL,
  `port` smallint(11) unsigned NOT NULL,
  `timeout` tinyint(3) unsigned NOT NULL,
  PRIMARY KEY (`id`),
  UNIQUE KEY `name` (`name`)
) ENGINE=InnoDB AUTO_INCREMENT=4 DEFAULT CHARSET=utf8 COLLATE=utf8_unicode_ci ;

### Data of table `printers` ###

INSERT INTO `printers` VALUES
('1', 'QL500', 'Label printer', 'QL500', 'server', '127', '20'),
('2', 'Samsung', 'Main network printer', 'scx4521F', 'server', '515', '5'),
('3', 'Local', 'Local print server at user IP', 'lp', '', '515', '10');

### Structure of table `purch_data` ###

DROP TABLE IF EXISTS `purch_data`;

CREATE TABLE `purch_data` (
  `supplier_id` int(11) NOT NULL DEFAULT '0',
  `stock_id` char(20) COLLATE utf8_unicode_ci NOT NULL DEFAULT '',
  `price` double NOT NULL DEFAULT '0',
  `suppliers_uom` char(50) COLLATE utf8_unicode_ci NOT NULL DEFAULT '',
  `conversion_factor` double NOT NULL DEFAULT '1',
  `supplier_description` char(50) COLLATE utf8_unicode_ci NOT NULL DEFAULT '',
  PRIMARY KEY (`supplier_id`,`stock_id`)
) ENGINE=InnoDB DEFAULT CHARSET=utf8 COLLATE=utf8_unicode_ci ;

### Data of table `purch_data` ###


### Structure of table `purch_order_details` ###

DROP TABLE IF EXISTS `purch_order_details`;

CREATE TABLE `purch_order_details` (
  `po_detail_item` int(11) NOT NULL AUTO_INCREMENT,
  `order_no` int(11) NOT NULL DEFAULT '0',
  `item_code` varchar(20) COLLATE utf8_unicode_ci NOT NULL DEFAULT '',
  `description` tinytext COLLATE utf8_unicode_ci,
  `delivery_date` date NOT NULL DEFAULT '0000-00-00',
  `qty_invoiced` double NOT NULL DEFAULT '0',
  `unit_price` double NOT NULL DEFAULT '0',
  `act_price` double NOT NULL DEFAULT '0',
  `std_cost_unit` double NOT NULL DEFAULT '0',
  `quantity_ordered` double NOT NULL DEFAULT '0',
  `quantity_received` double NOT NULL DEFAULT '0',
  PRIMARY KEY (`po_detail_item`),
  KEY `order` (`order_no`,`po_detail_item`),
  KEY `itemcode` (`item_code`)
) ENGINE=InnoDB DEFAULT CHARSET=utf8 COLLATE=utf8_unicode_ci ;

### Data of table `purch_order_details` ###


### Structure of table `purch_orders` ###

DROP TABLE IF EXISTS `purch_orders`;

CREATE TABLE `purch_orders` (
  `order_no` int(11) NOT NULL AUTO_INCREMENT,
  `supplier_id` int(11) NOT NULL DEFAULT '0',
  `comments` tinytext COLLATE utf8_unicode_ci,
  `ord_date` date NOT NULL DEFAULT '0000-00-00',
  `reference` tinytext COLLATE utf8_unicode_ci NOT NULL,
  `requisition_no` tinytext COLLATE utf8_unicode_ci,
  `into_stock_location` varchar(5) COLLATE utf8_unicode_ci NOT NULL DEFAULT '',
  `delivery_address` tinytext COLLATE utf8_unicode_ci NOT NULL,
  `total` double NOT NULL DEFAULT '0',
  `prep_amount` double NOT NULL DEFAULT '0',
  `alloc` double NOT NULL DEFAULT '0',
  `tax_included` tinyint(1) NOT NULL DEFAULT '0',
  PRIMARY KEY (`order_no`),
  KEY `ord_date` (`ord_date`)
) ENGINE=InnoDB DEFAULT CHARSET=utf8 COLLATE=utf8_unicode_ci ;

### Data of table `purch_orders` ###


### Structure of table `quick_entries` ###

DROP TABLE IF EXISTS `quick_entries`;

CREATE TABLE `quick_entries` (
  `id` smallint(6) unsigned NOT NULL AUTO_INCREMENT,
  `type` tinyint(1) NOT NULL DEFAULT '0',
  `description` varchar(60) COLLATE utf8_unicode_ci NOT NULL,
  `usage` varchar(120) COLLATE utf8_unicode_ci DEFAULT NULL,
  `base_amount` double NOT NULL DEFAULT '0',
  `base_desc` varchar(60) COLLATE utf8_unicode_ci DEFAULT NULL,
  `bal_type` tinyint(1) NOT NULL DEFAULT '0',
  PRIMARY KEY (`id`),
  KEY `description` (`description`)
) ENGINE=InnoDB AUTO_INCREMENT=4 DEFAULT CHARSET=utf8 COLLATE=utf8_unicode_ci ;

### Data of table `quick_entries` ###

INSERT INTO `quick_entries` VALUES
('1', '1', 'Maintenance', NULL, '0', 'Amount', '0'),
('2', '4', 'Phone', NULL, '0', 'Amount', '0'),
('3', '2', 'Cash Sales', NULL, '0', 'Amount', '0');

### Structure of table `quick_entry_lines` ###

DROP TABLE IF EXISTS `quick_entry_lines`;

CREATE TABLE `quick_entry_lines` (
  `id` smallint(6) unsigned NOT NULL AUTO_INCREMENT,
  `qid` smallint(6) unsigned NOT NULL,
  `amount` double DEFAULT '0',
  `memo` tinytext COLLATE utf8_unicode_ci NOT NULL,
  `action` varchar(2) COLLATE utf8_unicode_ci NOT NULL,
  `dest_id` varchar(15) COLLATE utf8_unicode_ci NOT NULL DEFAULT '',
  `dimension_id` smallint(6) unsigned DEFAULT NULL,
  `dimension2_id` smallint(6) unsigned DEFAULT NULL,
  PRIMARY KEY (`id`),
  KEY `qid` (`qid`)
) ENGINE=InnoDB AUTO_INCREMENT=7 DEFAULT CHARSET=utf8 COLLATE=utf8_unicode_ci ;

### Data of table `quick_entry_lines` ###

INSERT INTO `quick_entry_lines` VALUES
('1', '1', '0', '', 't-', '1', '0', '0'),
('2', '2', '0', '', 't-', '1', '0', '0'),
('3', '3', '0', '', 't-', '1', '0', '0'),
('4', '3', '0', '', '=', '7100', '0', '0'),
('5', '1', '0', '', '=', '6240', '0', '0'),
('6', '2', '0', '', '=', '6140', '0', '0');

### Structure of table `recurrent_invoices` ###

DROP TABLE IF EXISTS `recurrent_invoices`;

CREATE TABLE `recurrent_invoices` (
  `id` smallint(6) unsigned NOT NULL AUTO_INCREMENT,
  `description` varchar(60) COLLATE utf8_unicode_ci NOT NULL DEFAULT '',
  `order_no` int(11) unsigned NOT NULL,
  `debtor_no` int(11) unsigned DEFAULT NULL,
  `group_no` smallint(6) unsigned DEFAULT NULL,
  `days` int(11) NOT NULL DEFAULT '0',
  `monthly` int(11) NOT NULL DEFAULT '0',
  `begin` date NOT NULL DEFAULT '0000-00-00',
  `end` date NOT NULL DEFAULT '0000-00-00',
  `last_sent` date NOT NULL DEFAULT '0000-00-00',
  PRIMARY KEY (`id`),
  UNIQUE KEY `description` (`description`)
) ENGINE=InnoDB DEFAULT CHARSET=utf8 COLLATE=utf8_unicode_ci ;

### Data of table `recurrent_invoices` ###


### Structure of table `reflines` ###

DROP TABLE IF EXISTS `reflines`;

CREATE TABLE `reflines` (
  `id` int(11) NOT NULL AUTO_INCREMENT,
  `trans_type` int(11) NOT NULL,
  `prefix` char(5) COLLATE utf8_unicode_ci NOT NULL DEFAULT '',
  `pattern` varchar(35) COLLATE utf8_unicode_ci NOT NULL DEFAULT '1',
  `description` varchar(60) COLLATE utf8_unicode_ci NOT NULL DEFAULT '',
  `default` tinyint(1) NOT NULL DEFAULT '0',
  `inactive` tinyint(1) NOT NULL DEFAULT '0',
  PRIMARY KEY (`id`),
  UNIQUE KEY `prefix` (`trans_type`,`prefix`)
) ENGINE=InnoDB AUTO_INCREMENT=23 DEFAULT CHARSET=utf8 COLLATE=utf8_unicode_ci ;

### Data of table `reflines` ###

INSERT INTO `reflines` VALUES
('1', '0', '', '{001}/{YYYY}', '', '1', '0'),
('2', '1', '', '{001}/{YYYY}', '', '1', '0'),
('3', '2', '', '{001}/{YYYY}', '', '1', '0'),
('4', '4', '', '{001}/{YYYY}', '', '1', '0'),
('5', '10', '', '{001}/{YYYY}', '', '1', '0'),
('6', '11', '', '{001}/{YYYY}', '', '1', '0'),
('7', '12', '', '{001}/{YYYY}', '', '1', '0'),
('8', '13', '', '{001}/{YYYY}', '', '1', '0'),
('9', '16', '', '{001}/{YYYY}', '', '1', '0'),
('10', '17', '', '{001}/{YYYY}', '', '1', '0'),
('11', '18', '', '{001}/{YYYY}', '', '1', '0'),
('12', '20', '', '{001}/{YYYY}', '', '1', '0'),
('13', '21', '', '{001}/{YYYY}', '', '1', '0'),
('14', '22', '', '{001}/{YYYY}', '', '1', '0'),
('15', '25', '', '{001}/{YYYY}', '', '1', '0'),
('16', '26', '', '{001}/{YYYY}', '', '1', '0'),
('17', '28', '', '{001}/{YYYY}', '', '1', '0'),
('18', '29', '', '{001}/{YYYY}', '', '1', '0'),
('19', '30', '', '{001}/{YYYY}', '', '1', '0'),
('20', '32', '', '{001}/{YYYY}', '', '1', '0'),
('21', '35', '', '{001}/{YYYY}', '', '1', '0'),
('22', '40', '', '{001}/{YYYY}', '', '1', '0');

### Structure of table `refs` ###

DROP TABLE IF EXISTS `refs`;

CREATE TABLE `refs` (
  `id` int(11) NOT NULL DEFAULT '0',
  `type` int(11) NOT NULL DEFAULT '0',
  `reference` varchar(100) COLLATE utf8_unicode_ci NOT NULL DEFAULT '',
  PRIMARY KEY (`id`,`type`),
  KEY `Type_and_Reference` (`type`,`reference`)
) ENGINE=InnoDB DEFAULT CHARSET=utf8 COLLATE=utf8_unicode_ci ;

### Data of table `refs` ###


### Structure of table `sales_order_details` ###

DROP TABLE IF EXISTS `sales_order_details`;

CREATE TABLE `sales_order_details` (
  `id` int(11) NOT NULL AUTO_INCREMENT,
  `order_no` int(11) NOT NULL DEFAULT '0',
  `trans_type` smallint(6) NOT NULL DEFAULT '30',
  `stk_code` varchar(20) COLLATE utf8_unicode_ci NOT NULL DEFAULT '',
  `description` tinytext COLLATE utf8_unicode_ci,
  `qty_sent` double NOT NULL DEFAULT '0',
  `unit_price` double NOT NULL DEFAULT '0',
  `quantity` double NOT NULL DEFAULT '0',
  `invoiced` double NOT NULL DEFAULT '0',
  `discount_percent` double NOT NULL DEFAULT '0',
  PRIMARY KEY (`id`),
  KEY `sorder` (`trans_type`,`order_no`),
  KEY `stkcode` (`stk_code`)
) ENGINE=InnoDB DEFAULT CHARSET=utf8 COLLATE=utf8_unicode_ci ;

### Data of table `sales_order_details` ###


### Structure of table `sales_orders` ###

DROP TABLE IF EXISTS `sales_orders`;

CREATE TABLE `sales_orders` (
  `order_no` int(11) NOT NULL,
  `trans_type` smallint(6) NOT NULL DEFAULT '30',
  `version` tinyint(1) unsigned NOT NULL DEFAULT '0',
  `type` tinyint(1) NOT NULL DEFAULT '0',
  `debtor_no` int(11) NOT NULL DEFAULT '0',
  `branch_code` int(11) NOT NULL DEFAULT '0',
  `reference` varchar(100) COLLATE utf8_unicode_ci NOT NULL DEFAULT '',
  `customer_ref` tinytext COLLATE utf8_unicode_ci NOT NULL,
  `comments` tinytext COLLATE utf8_unicode_ci,
  `ord_date` date NOT NULL DEFAULT '0000-00-00',
  `order_type` int(11) NOT NULL DEFAULT '0',
  `ship_via` int(11) NOT NULL DEFAULT '0',
  `delivery_address` tinytext COLLATE utf8_unicode_ci NOT NULL,
  `contact_phone` varchar(30) COLLATE utf8_unicode_ci DEFAULT NULL,
  `contact_email` varchar(100) COLLATE utf8_unicode_ci DEFAULT NULL,
  `deliver_to` tinytext COLLATE utf8_unicode_ci NOT NULL,
  `freight_cost` double NOT NULL DEFAULT '0',
  `from_stk_loc` varchar(5) COLLATE utf8_unicode_ci NOT NULL DEFAULT '',
  `delivery_date` date NOT NULL DEFAULT '0000-00-00',
  `payment_terms` int(11) DEFAULT NULL,
  `total` double NOT NULL DEFAULT '0',
  `prep_amount` double NOT NULL DEFAULT '0',
  `alloc` double NOT NULL DEFAULT '0',
  PRIMARY KEY (`trans_type`,`order_no`)
) ENGINE=InnoDB DEFAULT CHARSET=utf8 COLLATE=utf8_unicode_ci ;

### Data of table `sales_orders` ###


### Structure of table `sales_pos` ###

DROP TABLE IF EXISTS `sales_pos`;

CREATE TABLE `sales_pos` (
  `id` smallint(6) unsigned NOT NULL AUTO_INCREMENT,
  `pos_name` varchar(30) COLLATE utf8_unicode_ci NOT NULL,
  `cash_sale` tinyint(1) NOT NULL,
  `credit_sale` tinyint(1) NOT NULL,
  `pos_location` varchar(5) COLLATE utf8_unicode_ci NOT NULL,
  `pos_account` smallint(6) unsigned NOT NULL,
  `inactive` tinyint(1) NOT NULL DEFAULT '0',
  PRIMARY KEY (`id`),
  UNIQUE KEY `pos_name` (`pos_name`)
) ENGINE=InnoDB AUTO_INCREMENT=2 DEFAULT CHARSET=utf8 COLLATE=utf8_unicode_ci ;

### Data of table `sales_pos` ###

INSERT INTO `sales_pos` VALUES
('1', 'Default', '1', '1', 'DEF', '2', '0');

### Structure of table `sales_types` ###

DROP TABLE IF EXISTS `sales_types`;

CREATE TABLE `sales_types` (
  `id` int(11) NOT NULL AUTO_INCREMENT,
  `sales_type` char(50) COLLATE utf8_unicode_ci NOT NULL DEFAULT '',
  `tax_included` int(1) NOT NULL DEFAULT '0',
  `factor` double NOT NULL DEFAULT '1',
  `inactive` tinyint(1) NOT NULL DEFAULT '0',
  PRIMARY KEY (`id`),
  UNIQUE KEY `sales_type` (`sales_type`)
) ENGINE=InnoDB AUTO_INCREMENT=7 DEFAULT CHARSET=utf8 COLLATE=utf8_unicode_ci ;

### Data of table `sales_types` ###

INSERT INTO `sales_types` VALUES
('1', 'Retail', '1', '1', '0'),
('2', 'Wholesale', '0', '0.7', '0'),
('3', 'BOHOL', '1', '1', '0'),
('4', 'CEBU', '1', '1', '0'),
('5', 'SAMAR', '1', '1', '0'),
('6', 'LEYTE', '1', '1', '0');

### Structure of table `salesman` ###

DROP TABLE IF EXISTS `salesman`;

CREATE TABLE `salesman` (
  `salesman_code` int(11) NOT NULL AUTO_INCREMENT,
  `salesman_name` char(60) COLLATE utf8_unicode_ci NOT NULL DEFAULT '',
  `salesman_phone` char(30) COLLATE utf8_unicode_ci NOT NULL DEFAULT '',
  `salesman_fax` char(30) COLLATE utf8_unicode_ci NOT NULL DEFAULT '',
  `salesman_email` varchar(100) COLLATE utf8_unicode_ci NOT NULL DEFAULT '',
  `provision` double NOT NULL DEFAULT '0',
  `break_pt` double NOT NULL DEFAULT '0',
  `provision2` double NOT NULL DEFAULT '0',
  `inactive` tinyint(1) NOT NULL DEFAULT '0',
  PRIMARY KEY (`salesman_code`),
  UNIQUE KEY `salesman_name` (`salesman_name`)
) ENGINE=InnoDB AUTO_INCREMENT=2 DEFAULT CHARSET=utf8 COLLATE=utf8_unicode_ci ;

### Data of table `salesman` ###

INSERT INTO `salesman` VALUES
('1', 'Sales Person', '', '', '', '5', '1000', '4', '0');

### Structure of table `security_roles` ###

DROP TABLE IF EXISTS `security_roles`;

CREATE TABLE `security_roles` (
  `id` int(11) NOT NULL AUTO_INCREMENT,
  `role` varchar(30) COLLATE utf8_unicode_ci NOT NULL,
  `description` varchar(50) COLLATE utf8_unicode_ci DEFAULT NULL,
  `sections` text COLLATE utf8_unicode_ci,
  `areas` text COLLATE utf8_unicode_ci,
  `inactive` tinyint(1) NOT NULL DEFAULT '0',
  PRIMARY KEY (`id`),
  UNIQUE KEY `role` (`role`)
) ENGINE=InnoDB AUTO_INCREMENT=11 DEFAULT CHARSET=utf8 COLLATE=utf8_unicode_ci ;

### Data of table `security_roles` ###

INSERT INTO `security_roles` VALUES
('1', 'Inquiries', 'Inquiries', '768;2816;3072;3328;5632;5888;8192;8448;10752;11008;13312;15872;16128', '257;258;259;260;513;514;515;516;517;518;519;520;521;522;523;524;525;773;774;2822;3073;3075;3076;3077;3329;3330;3331;3332;3333;3334;3335;5377;5633;5640;5889;5890;5891;7937;7938;7939;7940;8193;8194;8450;8451;10497;10753;11009;11010;11012;13313;13315;15617;15618;15619;15620;15621;15622;15623;15624;15625;15626;15873;15882;16129;16130;16131;16132;775', '0'),
('2', 'System Administrator', 'System Administrator', '256;512;768;2816;3072;3328;5376;5632;5888;7936;8192;8448;9472;9728;10496;10752;11008;13056;13312;15616;15872;16128', '257;258;259;260;513;514;515;516;517;518;519;520;521;522;523;524;525;526;769;770;771;772;773;774;2817;2818;2819;2820;2821;2822;2823;3073;3074;3082;3075;3076;3077;3078;3079;3080;3081;3329;3330;3331;3332;3333;3334;3335;5377;5633;5634;5635;5636;5637;5641;5638;5639;5640;5889;5890;5891;7937;7938;7939;7940;8193;8194;8195;8196;8197;8449;8450;8451;9217;9218;9220;9473;9474;9475;9476;9729;10497;10753;10754;10755;10756;10757;11009;11010;11011;11012;13057;13313;13314;13315;15617;15618;15619;15620;15621;15622;15623;15624;15628;15625;15626;15627;15873;15874;15875;15876;15877;15878;15879;15880;15883;15881;15882;16129;16130;16131;16132;775', '0'),
('3', 'Salesman', 'Salesman', '768;3072;5632;8192;15872', '773;774;3073;3075;3081;5633;8194;15873;775', '0'),
('4', 'Stock Manager', 'Stock Manager', '768;2816;3072;3328;5632;5888;8192;8448;10752;11008;13312;15872;16128', '2818;2822;3073;3076;3077;3329;3330;3330;3330;3331;3331;3332;3333;3334;3335;5633;5640;5889;5890;5891;8193;8194;8450;8451;10753;11009;11010;11012;13313;13315;15882;16129;16130;16131;16132;775', '0'),
('5', 'Production Manager', 'Production Manager', '512;768;2816;3072;3328;5632;5888;8192;8448;10752;11008;13312;15616;15872;16128', '521;523;524;2818;2819;2820;2821;2822;2823;3073;3074;3076;3077;3078;3079;3080;3081;3329;3330;3330;3330;3331;3331;3332;3333;3334;3335;5633;5640;5640;5889;5890;5891;8193;8194;8196;8197;8450;8451;10753;10755;11009;11010;11012;13313;13315;15617;15619;15620;15621;15624;15624;15876;15877;15880;15882;16129;16130;16131;16132;775', '0'),
('6', 'Purchase Officer', 'Purchase Officer', '512;768;2816;3072;3328;5376;5632;5888;8192;8448;10752;11008;13312;15616;15872;16128', '521;523;524;2818;2819;2820;2821;2822;2823;3073;3074;3076;3077;3078;3079;3080;3081;3329;3330;3330;3330;3331;3331;3332;3333;3334;3335;5377;5633;5635;5640;5640;5889;5890;5891;8193;8194;8196;8197;8449;8450;8451;10753;10755;11009;11010;11012;13313;13315;15617;15619;15620;15621;15624;15624;15876;15877;15880;15882;16129;16130;16131;16132;775', '0'),
('7', 'AR Officer', 'AR Officer', '512;768;2816;3072;3328;5632;5888;8192;8448;10752;11008;13312;15616;15872;16128', '521;523;524;771;773;774;2818;2819;2820;2821;2822;2823;3073;3073;3074;3075;3076;3077;3078;3079;3080;3081;3081;3329;3330;3330;3330;3331;3331;3332;3333;3334;3335;5633;5633;5634;5637;5638;5639;5640;5640;5889;5890;5891;8193;8194;8194;8196;8197;8450;8451;10753;10755;11009;11010;11012;13313;13315;15617;15619;15620;15621;15624;15624;15873;15876;15877;15878;15880;15882;16129;16130;16131;16132;775', '0'),
('8', 'AP Officer', 'AP Officer', '512;768;2816;3072;3328;5376;5632;5888;8192;8448;10752;11008;13312;15616;15872;16128', '257;258;259;260;521;523;524;769;770;771;772;773;774;2818;2819;2820;2821;2822;2823;3073;3074;3082;3076;3077;3078;3079;3080;3081;3329;3330;3331;3332;3333;3334;3335;5377;5633;5635;5640;5889;5890;5891;7937;7938;7939;7940;8193;8194;8196;8197;8449;8450;8451;10497;10753;10755;11009;11010;11012;13057;13313;13315;15617;15619;15620;15621;15624;15876;15877;15880;15882;16129;16130;16131;16132;775', '0'),
('9', 'Accountant', 'New Accountant', '512;768;2816;3072;3328;5376;5632;5888;8192;8448;10752;11008;13312;15616;15872;16128', '257;258;259;260;521;523;524;771;772;773;774;2818;2819;2820;2821;2822;2823;3073;3074;3075;3076;3077;3078;3079;3080;3081;3329;3330;3331;3332;3333;3334;3335;5377;5633;5634;5635;5637;5638;5639;5640;5889;5890;5891;7937;7938;7939;7940;8193;8194;8196;8197;8449;8450;8451;10497;10753;10755;11009;11010;11012;13313;13315;15617;15618;15619;15620;15621;15624;15873;15876;15877;15878;15880;15882;16129;16130;16131;16132;775', '0'),
('10', 'Sub Admin', 'Sub Admin', '512;768;2816;3072;3328;5376;5632;5888;8192;8448;10752;11008;13312;15616;15872;16128', '257;258;259;260;521;523;524;771;772;773;774;2818;2819;2820;2821;2822;2823;3073;3074;3082;3075;3076;3077;3078;3079;3080;3081;3329;3330;3331;3332;3333;3334;3335;5377;5633;5634;5635;5637;5638;5639;5640;5889;5890;5891;7937;7938;7939;7940;8193;8194;8196;8197;8449;8450;8451;10497;10753;10755;11009;11010;11012;13057;13313;13315;15617;15619;15620;15621;15624;15873;15874;15876;15877;15878;15879;15880;15882;16129;16130;16131;16132;775', '0');

### Structure of table `shippers` ###

DROP TABLE IF EXISTS `shippers`;

CREATE TABLE `shippers` (
  `shipper_id` int(11) NOT NULL AUTO_INCREMENT,
  `shipper_name` varchar(60) COLLATE utf8_unicode_ci NOT NULL DEFAULT '',
  `phone` varchar(30) COLLATE utf8_unicode_ci NOT NULL DEFAULT '',
  `phone2` varchar(30) COLLATE utf8_unicode_ci NOT NULL DEFAULT '',
  `contact` tinytext COLLATE utf8_unicode_ci NOT NULL,
  `address` tinytext COLLATE utf8_unicode_ci NOT NULL,
  `inactive` tinyint(1) NOT NULL DEFAULT '0',
  PRIMARY KEY (`shipper_id`),
  UNIQUE KEY `name` (`shipper_name`)
) ENGINE=InnoDB AUTO_INCREMENT=2 DEFAULT CHARSET=utf8 COLLATE=utf8_unicode_ci ;

### Data of table `shippers` ###

INSERT INTO `shippers` VALUES
('1', 'In-house Delivery', '', '', '', '', '0');

### Structure of table `sql_trail` ###

DROP TABLE IF EXISTS `sql_trail`;

CREATE TABLE `sql_trail` (
  `id` int(11) unsigned NOT NULL AUTO_INCREMENT,
  `sql` text COLLATE utf8_unicode_ci NOT NULL,
  `result` tinyint(1) NOT NULL,
  `msg` varchar(255) COLLATE utf8_unicode_ci NOT NULL,
  PRIMARY KEY (`id`)
) ENGINE=InnoDB DEFAULT CHARSET=utf8 COLLATE=utf8_unicode_ci ;

### Data of table `sql_trail` ###


### Structure of table `stock_category` ###

DROP TABLE IF EXISTS `stock_category`;

CREATE TABLE `stock_category` (
  `category_id` int(11) NOT NULL AUTO_INCREMENT,
  `description` varchar(60) COLLATE utf8_unicode_ci NOT NULL DEFAULT '',
  `dflt_tax_type` int(11) NOT NULL DEFAULT '1',
  `dflt_units` varchar(20) COLLATE utf8_unicode_ci NOT NULL DEFAULT 'each',
  `dflt_mb_flag` char(1) COLLATE utf8_unicode_ci NOT NULL DEFAULT 'B',
  `dflt_sales_act` varchar(15) COLLATE utf8_unicode_ci NOT NULL DEFAULT '',
  `dflt_cogs_act` varchar(15) COLLATE utf8_unicode_ci NOT NULL DEFAULT '',
  `dflt_inventory_act` varchar(15) COLLATE utf8_unicode_ci NOT NULL DEFAULT '',
  `dflt_adjustment_act` varchar(15) COLLATE utf8_unicode_ci NOT NULL DEFAULT '',
  `dflt_wip_act` varchar(15) COLLATE utf8_unicode_ci NOT NULL DEFAULT '',
  `dflt_dim1` int(11) DEFAULT NULL,
  `dflt_dim2` int(11) DEFAULT NULL,
  `inactive` tinyint(1) NOT NULL DEFAULT '0',
  `dflt_no_sale` tinyint(1) NOT NULL DEFAULT '0',
  `dflt_no_purchase` tinyint(1) NOT NULL DEFAULT '0',
  PRIMARY KEY (`category_id`),
  UNIQUE KEY `description` (`description`)
) ENGINE=InnoDB AUTO_INCREMENT=7 DEFAULT CHARSET=utf8 COLLATE=utf8_unicode_ci ;

### Data of table `stock_category` ###

INSERT INTO `stock_category` VALUES
('1', 'Components', '1', 'pc', 'B', '7100', '8100', '3000', '3000', '1510', '0', '0', '0', '0', '0'),
('2', 'Charges', '1', 'pc', 'D', '7100', '8100', '3000', '3000', '1510', '0', '0', '0', '0', '0'),
('3', 'Systems', '1', 'pc', 'M', '7100', '8100', '3000', '3000', '1510', '0', '0', '0', '0', '0'),
('4', 'Services', '1', 'hr', 'D', '7100', '8100', '3000', '3000', '1510', '0', '0', '0', '0', '0'),
('5', 'Motorcycle', '1', 'unit', 'B', '7100', '8100', '3000', '3000', '3000', '0', '0', '0', '0', '0'),
('6', 'Appliance', '1', 'unit', 'B', '7100', '8100', '3000', '3000', '3000', '0', '0', '0', '0', '0');

### Structure of table `stock_fa_class` ###

DROP TABLE IF EXISTS `stock_fa_class`;

CREATE TABLE `stock_fa_class` (
  `fa_class_id` varchar(20) COLLATE utf8_unicode_ci NOT NULL DEFAULT '',
  `parent_id` varchar(20) COLLATE utf8_unicode_ci NOT NULL DEFAULT '',
  `description` varchar(200) COLLATE utf8_unicode_ci NOT NULL DEFAULT '',
  `long_description` tinytext COLLATE utf8_unicode_ci NOT NULL,
  `depreciation_rate` double NOT NULL DEFAULT '0',
  `inactive` tinyint(1) NOT NULL DEFAULT '0',
  PRIMARY KEY (`fa_class_id`)
) ENGINE=InnoDB DEFAULT CHARSET=utf8 COLLATE=utf8_unicode_ci ;

### Data of table `stock_fa_class` ###


### Structure of table `stock_master` ###

DROP TABLE IF EXISTS `stock_master`;

CREATE TABLE `stock_master` (
  `stock_id` varchar(20) COLLATE utf8_unicode_ci NOT NULL DEFAULT '',
  `category_id` int(11) NOT NULL DEFAULT '0',
  `tax_type_id` int(11) NOT NULL DEFAULT '0',
  `description` varchar(200) COLLATE utf8_unicode_ci NOT NULL DEFAULT '',
  `long_description` tinytext COLLATE utf8_unicode_ci NOT NULL,
  `units` varchar(20) COLLATE utf8_unicode_ci NOT NULL DEFAULT 'each',
  `mb_flag` char(1) COLLATE utf8_unicode_ci NOT NULL DEFAULT 'B',
  `sales_account` varchar(15) COLLATE utf8_unicode_ci NOT NULL DEFAULT '',
  `cogs_account` varchar(15) COLLATE utf8_unicode_ci NOT NULL DEFAULT '',
  `inventory_account` varchar(15) COLLATE utf8_unicode_ci NOT NULL DEFAULT '',
  `adjustment_account` varchar(15) COLLATE utf8_unicode_ci NOT NULL DEFAULT '',
  `wip_account` varchar(15) COLLATE utf8_unicode_ci NOT NULL DEFAULT '',
  `dimension_id` int(11) DEFAULT NULL,
  `dimension2_id` int(11) DEFAULT NULL,
  `purchase_cost` double NOT NULL DEFAULT '0',
  `material_cost` double NOT NULL DEFAULT '0',
  `labour_cost` double NOT NULL DEFAULT '0',
  `overhead_cost` double NOT NULL DEFAULT '0',
  `inactive` tinyint(1) NOT NULL DEFAULT '0',
  `no_sale` tinyint(1) NOT NULL DEFAULT '0',
  `no_purchase` tinyint(1) NOT NULL DEFAULT '0',
  `editable` tinyint(1) NOT NULL DEFAULT '0',
  `depreciation_method` char(1) COLLATE utf8_unicode_ci NOT NULL DEFAULT 'S',
  `depreciation_rate` double NOT NULL DEFAULT '0',
  `depreciation_factor` double NOT NULL DEFAULT '1',
  `depreciation_start` date NOT NULL DEFAULT '0000-00-00',
  `depreciation_date` date NOT NULL DEFAULT '0000-00-00',
  `fa_class_id` varchar(20) COLLATE utf8_unicode_ci NOT NULL DEFAULT '',
  PRIMARY KEY (`stock_id`)
) ENGINE=InnoDB DEFAULT CHARSET=utf8 COLLATE=utf8_unicode_ci ;

### Data of table `stock_master` ###

INSERT INTO `stock_master` VALUES
('click125i', '5', '1', 'Click125i', 'Honda Click125i ', 'unit', 'B', '7100', '8100', '3000', '3000', '3000', '0', '0', '0', '0', '0', '0', '0', '0', '0', '0', '', '0', '0', '0000-00-00', '0000-00-00', '');

### Structure of table `stock_moves` ###

DROP TABLE IF EXISTS `stock_moves`;

CREATE TABLE `stock_moves` (
  `trans_id` int(11) NOT NULL AUTO_INCREMENT,
  `trans_no` int(11) NOT NULL DEFAULT '0',
  `stock_id` char(20) COLLATE utf8_unicode_ci NOT NULL DEFAULT '',
  `type` smallint(6) NOT NULL DEFAULT '0',
  `loc_code` char(5) COLLATE utf8_unicode_ci NOT NULL DEFAULT '',
  `tran_date` date NOT NULL DEFAULT '0000-00-00',
  `price` double NOT NULL DEFAULT '0',
  `reference` char(40) COLLATE utf8_unicode_ci NOT NULL DEFAULT '',
  `qty` double NOT NULL DEFAULT '1',
  `standard_cost` double NOT NULL DEFAULT '0',
  PRIMARY KEY (`trans_id`),
  KEY `type` (`type`,`trans_no`),
  KEY `Move` (`stock_id`,`loc_code`,`tran_date`)
) ENGINE=InnoDB DEFAULT CHARSET=utf8 COLLATE=utf8_unicode_ci ;

### Data of table `stock_moves` ###


### Structure of table `supp_allocations` ###

DROP TABLE IF EXISTS `supp_allocations`;

CREATE TABLE `supp_allocations` (
  `id` int(11) NOT NULL AUTO_INCREMENT,
  `person_id` int(11) DEFAULT NULL,
  `amt` double unsigned DEFAULT NULL,
  `date_alloc` date NOT NULL DEFAULT '0000-00-00',
  `trans_no_from` int(11) DEFAULT NULL,
  `trans_type_from` int(11) DEFAULT NULL,
  `trans_no_to` int(11) DEFAULT NULL,
  `trans_type_to` int(11) DEFAULT NULL,
  PRIMARY KEY (`id`),
  UNIQUE KEY `trans_type_from` (`person_id`,`trans_type_from`,`trans_no_from`,`trans_type_to`,`trans_no_to`),
  KEY `From` (`trans_type_from`,`trans_no_from`),
  KEY `To` (`trans_type_to`,`trans_no_to`)
) ENGINE=InnoDB DEFAULT CHARSET=utf8 COLLATE=utf8_unicode_ci ;

### Data of table `supp_allocations` ###


### Structure of table `supp_invoice_items` ###

DROP TABLE IF EXISTS `supp_invoice_items`;

CREATE TABLE `supp_invoice_items` (
  `id` int(11) NOT NULL AUTO_INCREMENT,
  `supp_trans_no` int(11) DEFAULT NULL,
  `supp_trans_type` int(11) DEFAULT NULL,
  `gl_code` varchar(15) COLLATE utf8_unicode_ci NOT NULL DEFAULT '',
  `grn_item_id` int(11) DEFAULT NULL,
  `po_detail_item_id` int(11) DEFAULT NULL,
  `stock_id` varchar(20) COLLATE utf8_unicode_ci NOT NULL DEFAULT '',
  `description` tinytext COLLATE utf8_unicode_ci,
  `quantity` double NOT NULL DEFAULT '0',
  `unit_price` double NOT NULL DEFAULT '0',
  `unit_tax` double NOT NULL DEFAULT '0',
  `memo_` tinytext COLLATE utf8_unicode_ci,
  `dimension_id` int(11) NOT NULL DEFAULT '0',
  `dimension2_id` int(11) NOT NULL DEFAULT '0',
  PRIMARY KEY (`id`),
  KEY `Transaction` (`supp_trans_type`,`supp_trans_no`,`stock_id`)
) ENGINE=InnoDB DEFAULT CHARSET=utf8 COLLATE=utf8_unicode_ci ;

### Data of table `supp_invoice_items` ###


### Structure of table `supp_trans` ###

DROP TABLE IF EXISTS `supp_trans`;

CREATE TABLE `supp_trans` (
  `trans_no` int(11) unsigned NOT NULL DEFAULT '0',
  `type` smallint(6) unsigned NOT NULL DEFAULT '0',
  `supplier_id` int(11) unsigned DEFAULT NULL,
  `reference` tinytext COLLATE utf8_unicode_ci NOT NULL,
  `supp_reference` varchar(60) COLLATE utf8_unicode_ci NOT NULL DEFAULT '',
  `tran_date` date NOT NULL DEFAULT '0000-00-00',
  `due_date` date NOT NULL DEFAULT '0000-00-00',
  `ov_amount` double NOT NULL DEFAULT '0',
  `ov_discount` double NOT NULL DEFAULT '0',
  `ov_gst` double NOT NULL DEFAULT '0',
  `rate` double NOT NULL DEFAULT '1',
  `alloc` double NOT NULL DEFAULT '0',
  `tax_included` tinyint(1) NOT NULL DEFAULT '0',
  PRIMARY KEY (`type`,`trans_no`),
  KEY `supplier_id` (`supplier_id`),
  KEY `tran_date` (`tran_date`)
) ENGINE=InnoDB DEFAULT CHARSET=utf8 COLLATE=utf8_unicode_ci ;

### Data of table `supp_trans` ###


### Structure of table `suppliers` ###

DROP TABLE IF EXISTS `suppliers`;

CREATE TABLE `suppliers` (
  `supplier_id` int(11) NOT NULL AUTO_INCREMENT,
  `supp_name` varchar(60) COLLATE utf8_unicode_ci NOT NULL DEFAULT '',
  `supp_ref` varchar(30) COLLATE utf8_unicode_ci NOT NULL DEFAULT '',
  `address` tinytext COLLATE utf8_unicode_ci NOT NULL,
  `supp_address` tinytext COLLATE utf8_unicode_ci NOT NULL,
  `gst_no` varchar(25) COLLATE utf8_unicode_ci NOT NULL DEFAULT '',
  `contact` varchar(60) COLLATE utf8_unicode_ci NOT NULL DEFAULT '',
  `supp_account_no` varchar(40) COLLATE utf8_unicode_ci NOT NULL DEFAULT '',
  `website` varchar(100) COLLATE utf8_unicode_ci NOT NULL DEFAULT '',
  `bank_account` varchar(60) COLLATE utf8_unicode_ci NOT NULL DEFAULT '',
  `curr_code` char(3) COLLATE utf8_unicode_ci DEFAULT NULL,
  `payment_terms` int(11) DEFAULT NULL,
  `tax_included` tinyint(1) NOT NULL DEFAULT '0',
  `dimension_id` int(11) DEFAULT '0',
  `dimension2_id` int(11) DEFAULT '0',
  `tax_group_id` int(11) DEFAULT NULL,
  `credit_limit` double NOT NULL DEFAULT '0',
  `purchase_account` varchar(15) COLLATE utf8_unicode_ci NOT NULL DEFAULT '',
  `payable_account` varchar(15) COLLATE utf8_unicode_ci NOT NULL DEFAULT '',
  `payment_discount_account` varchar(15) COLLATE utf8_unicode_ci NOT NULL DEFAULT '',
  `notes` tinytext COLLATE utf8_unicode_ci NOT NULL,
  `inactive` tinyint(1) NOT NULL DEFAULT '0',
  PRIMARY KEY (`supplier_id`),
  KEY `supp_ref` (`supp_ref`)
) ENGINE=InnoDB AUTO_INCREMENT=2 DEFAULT CHARSET=utf8 COLLATE=utf8_unicode_ci ;

### Data of table `suppliers` ###

INSERT INTO `suppliers` VALUES
('1', 'Honda Philippines, Inc.', 'HONSUPPL', '123 main st. manila', '', '', '', '', '', '', 'PHP', '2', '0', '0', '0', '1', '0', '', '5020', '3099', '', '0');

### Structure of table `sys_prefs` ###

DROP TABLE IF EXISTS `sys_prefs`;

CREATE TABLE `sys_prefs` (
  `name` varchar(35) COLLATE utf8_unicode_ci NOT NULL DEFAULT '',
  `category` varchar(30) COLLATE utf8_unicode_ci DEFAULT NULL,
  `type` varchar(20) COLLATE utf8_unicode_ci NOT NULL DEFAULT '',
  `length` smallint(6) DEFAULT NULL,
  `value` text COLLATE utf8_unicode_ci NOT NULL,
  PRIMARY KEY (`name`),
  KEY `category` (`category`)
) ENGINE=InnoDB DEFAULT CHARSET=utf8 COLLATE=utf8_unicode_ci ;

### Data of table `sys_prefs` ###

INSERT INTO `sys_prefs` VALUES
('accounts_alpha', 'glsetup.general', 'tinyint', '1', '2'),
('accumulate_shipping', 'glsetup.customer', 'tinyint', '1', '0'),
('add_pct', 'setup.company', 'int', '5', '-1'),
('allow_negative_prices', 'glsetup.inventory', 'tinyint', '1', '1'),
('allow_negative_stock', 'glsetup.inventory', 'tinyint', '1', '0'),
('alternative_tax_include_on_docs', 'setup.company', 'tinyint', '1', ''),
('auto_curr_reval', 'setup.company', 'smallint', '6', ''),
('bank_charge_act', 'glsetup.general', 'varchar', '15', '9450'),
('barcodes_on_stock', 'setup.company', 'tinyint', '1', '1'),
('base_sales', 'setup.company', 'int', '11', '1'),
('bcc_email', 'setup.company', 'varchar', '100', ''),
('company_logo_report', 'setup.company', 'tinyint', '1', '0'),
('coy_logo', 'setup.company', 'varchar', '100', 'des-logo-portal.png'),
('coy_name', 'setup.company', 'varchar', '60', 'DES - AGORA'),
('coy_no', 'setup.company', 'varchar', '25', ''),
('creditors_act', 'glsetup.purchase', 'varchar', '15', '5020'),
('curr_default', 'setup.company', 'char', '3', 'PHP'),
('debtors_act', 'glsetup.sales', 'varchar', '15', '2000'),
('default_adj_act', 'glsetup.items', 'varchar', '15', '3000'),
('default_cogs_act', 'glsetup.items', 'varchar', '15', '8100'),
('default_credit_limit', 'glsetup.customer', 'int', '11', '100000'),
('default_delivery_required', 'glsetup.sales', 'smallint', '6', '1'),
('default_dim_required', 'glsetup.dims', 'int', '11', '20'),
('default_inv_sales_act', 'glsetup.items', 'varchar', '15', '7100'),
('default_inventory_act', 'glsetup.items', 'varchar', '15', '3000'),
('default_loss_on_asset_disposal_act', 'glsetup.items', 'varchar', '15', '1100'),
('default_prompt_payment_act', 'glsetup.sales', 'varchar', '15', '3099'),
('default_quote_valid_days', 'glsetup.sales', 'smallint', '6', '30'),
('default_receival_required', 'glsetup.purchase', 'smallint', '6', '15'),
('default_sales_act', 'glsetup.sales', 'varchar', '15', '7100'),
('default_sales_discount_act', 'glsetup.sales', 'varchar', '15', '7800'),
('default_wip_act', 'glsetup.items', 'varchar', '15', '3000'),
('default_workorder_required', 'glsetup.manuf', 'int', '11', '20'),
('deferred_income_act', 'glsetup.sales', 'varchar', '15', ''),
('depreciation_period', 'glsetup.company', 'tinyint', '1', '1'),
('domicile', 'setup.company', 'varchar', '55', ''),
('email', 'setup.company', 'varchar', '100', ''),
('exchange_diff_act', 'glsetup.general', 'varchar', '15', '9750'),
('f_year', 'setup.company', 'int', '11', '4'),
('fax', 'setup.company', 'varchar', '30', ''),
('freight_act', 'glsetup.customer', 'varchar', '15', '9780'),
('gl_closing_date', 'setup.closing_date', 'date', '8', ''),
('grn_clearing_act', 'glsetup.purchase', 'varchar', '15', '3000'),
('gst_no', 'setup.company', 'varchar', '25', ''),
('legal_text', 'glsetup.customer', 'tinytext', '0', ''),
('loc_notification', 'glsetup.inventory', 'tinyint', '1', ''),
('login_tout', 'setup.company', 'smallint', '6', '600'),
('no_customer_list', 'setup.company', 'tinyint', '1', '0'),
('no_item_list', 'setup.company', 'tinyint', '1', '0'),
('no_supplier_list', 'setup.company', 'tinyint', '1', '0'),
('no_zero_lines_amount', 'glsetup.sales', 'tinyint', '1', '1'),
('past_due_days', 'glsetup.general', 'int', '11', '30'),
('phone', 'setup.company', 'varchar', '30', ''),
('po_over_charge', 'glsetup.purchase', 'int', '11', '10'),
('po_over_receive', 'glsetup.purchase', 'int', '11', '10'),
('postal_address', 'setup.company', 'tinytext', '0', 'N/A'),
('print_dialog_direct', 'setup.company', 'tinyint', '1', '0'),
('print_invoice_no', 'glsetup.sales', 'tinyint', '1', '0'),
('print_item_images_on_quote', 'glsetup.inventory', 'tinyint', '1', ''),
('profit_loss_year_act', 'glsetup.general', 'varchar', '15', '9960'),
('pyt_discount_act', 'glsetup.purchase', 'varchar', '15', '3099'),
('ref_no_auto_increase', 'setup.company', 'tinyint', '1', '0'),
('retained_earnings_act', 'glsetup.general', 'varchar', '15', '6900'),
('round_to', 'setup.company', 'int', '5', '1'),
('shortname_name_in_list', 'setup.company', 'tinyint', '1', ''),
('show_po_item_codes', 'glsetup.purchase', 'tinyint', '1', '1'),
('suppress_tax_rates', 'setup.company', 'tinyint', '1', ''),
('tax_algorithm', 'glsetup.customer', 'tinyint', '1', '1'),
('tax_last', 'setup.company', 'int', '11', '1'),
('tax_prd', 'setup.company', 'int', '11', '1'),
('time_zone', 'setup.company', 'tinyint', '1', '1'),
('use_dimension', 'setup.company', 'tinyint', '1', '0'),
('use_fixed_assets', 'setup.company', 'tinyint', '1', '1'),
('use_manufacturing', 'setup.company', 'tinyint', '1', ''),
('version_id', 'system', 'varchar', '11', '2.4.1');

### Structure of table `tag_associations` ###

DROP TABLE IF EXISTS `tag_associations`;

CREATE TABLE `tag_associations` (
  `record_id` varchar(15) COLLATE utf8_unicode_ci NOT NULL,
  `tag_id` int(11) NOT NULL,
  UNIQUE KEY `record_id` (`record_id`,`tag_id`)
) ENGINE=InnoDB DEFAULT CHARSET=utf8 COLLATE=utf8_unicode_ci ;

### Data of table `tag_associations` ###


### Structure of table `tags` ###

DROP TABLE IF EXISTS `tags`;

CREATE TABLE `tags` (
  `id` int(11) NOT NULL AUTO_INCREMENT,
  `type` smallint(6) NOT NULL,
  `name` varchar(30) COLLATE utf8_unicode_ci NOT NULL,
  `description` varchar(60) COLLATE utf8_unicode_ci DEFAULT NULL,
  `inactive` tinyint(1) NOT NULL DEFAULT '0',
  PRIMARY KEY (`id`),
  UNIQUE KEY `type` (`type`,`name`)
) ENGINE=InnoDB DEFAULT CHARSET=utf8 COLLATE=utf8_unicode_ci ;

### Data of table `tags` ###


### Structure of table `tax_group_items` ###

DROP TABLE IF EXISTS `tax_group_items`;

CREATE TABLE `tax_group_items` (
  `tax_group_id` int(11) NOT NULL DEFAULT '0',
  `tax_type_id` int(11) NOT NULL DEFAULT '0',
  `tax_shipping` tinyint(1) NOT NULL DEFAULT '0',
  PRIMARY KEY (`tax_group_id`,`tax_type_id`)
) ENGINE=InnoDB DEFAULT CHARSET=utf8 COLLATE=utf8_unicode_ci ;

### Data of table `tax_group_items` ###

INSERT INTO `tax_group_items` VALUES
('1', '1', '0');

### Structure of table `tax_groups` ###

DROP TABLE IF EXISTS `tax_groups`;

CREATE TABLE `tax_groups` (
  `id` int(11) NOT NULL AUTO_INCREMENT,
  `name` varchar(60) COLLATE utf8_unicode_ci NOT NULL DEFAULT '',
  `inactive` tinyint(1) NOT NULL DEFAULT '0',
  PRIMARY KEY (`id`),
  UNIQUE KEY `name` (`name`)
) ENGINE=InnoDB AUTO_INCREMENT=3 DEFAULT CHARSET=utf8 COLLATE=utf8_unicode_ci ;

### Data of table `tax_groups` ###

INSERT INTO `tax_groups` VALUES
('1', 'Tax', '0'),
('2', 'Tax Exempt', '0');

### Structure of table `tax_types` ###

DROP TABLE IF EXISTS `tax_types`;

CREATE TABLE `tax_types` (
  `id` int(11) NOT NULL AUTO_INCREMENT,
  `rate` double NOT NULL DEFAULT '0',
  `sales_gl_code` varchar(15) COLLATE utf8_unicode_ci NOT NULL DEFAULT '',
  `purchasing_gl_code` varchar(15) COLLATE utf8_unicode_ci NOT NULL DEFAULT '',
  `name` varchar(60) COLLATE utf8_unicode_ci NOT NULL DEFAULT '',
  `inactive` tinyint(1) NOT NULL DEFAULT '0',
  PRIMARY KEY (`id`)
) ENGINE=InnoDB AUTO_INCREMENT=2 DEFAULT CHARSET=utf8 COLLATE=utf8_unicode_ci ;

### Data of table `tax_types` ###

INSERT INTO `tax_types` VALUES
('1', '12', '5080', '3200', 'VAT', '0');

### Structure of table `trans_tax_details` ###

DROP TABLE IF EXISTS `trans_tax_details`;

CREATE TABLE `trans_tax_details` (
  `id` int(11) NOT NULL AUTO_INCREMENT,
  `trans_type` smallint(6) DEFAULT NULL,
  `trans_no` int(11) DEFAULT NULL,
  `tran_date` date NOT NULL,
  `tax_type_id` int(11) NOT NULL DEFAULT '0',
  `rate` double NOT NULL DEFAULT '0',
  `ex_rate` double NOT NULL DEFAULT '1',
  `included_in_price` tinyint(1) NOT NULL DEFAULT '0',
  `net_amount` double NOT NULL DEFAULT '0',
  `amount` double NOT NULL DEFAULT '0',
  `memo` tinytext COLLATE utf8_unicode_ci,
  `reg_type` tinyint(1) DEFAULT NULL,
  PRIMARY KEY (`id`),
  KEY `Type_and_Number` (`trans_type`,`trans_no`),
  KEY `tran_date` (`tran_date`)
) ENGINE=InnoDB DEFAULT CHARSET=utf8 COLLATE=utf8_unicode_ci ;

### Data of table `trans_tax_details` ###


### Structure of table `useronline` ###

DROP TABLE IF EXISTS `useronline`;

CREATE TABLE `useronline` (
  `id` int(11) NOT NULL AUTO_INCREMENT,
  `timestamp` int(15) NOT NULL DEFAULT '0',
  `ip` varchar(40) COLLATE utf8_unicode_ci NOT NULL DEFAULT '',
  `file` varchar(100) COLLATE utf8_unicode_ci NOT NULL DEFAULT '',
  PRIMARY KEY (`id`),
  KEY `timestamp` (`timestamp`),
  KEY `ip` (`ip`)
) ENGINE=InnoDB DEFAULT CHARSET=utf8 COLLATE=utf8_unicode_ci ;

### Data of table `useronline` ###


### Structure of table `users` ###

DROP TABLE IF EXISTS `users`;

CREATE TABLE `users` (
  `id` smallint(6) NOT NULL AUTO_INCREMENT,
  `user_id` varchar(60) COLLATE utf8_unicode_ci NOT NULL DEFAULT '',
  `password` varchar(100) COLLATE utf8_unicode_ci NOT NULL DEFAULT '',
  `real_name` varchar(100) COLLATE utf8_unicode_ci NOT NULL DEFAULT '',
  `role_id` int(11) NOT NULL DEFAULT '1',
  `phone` varchar(30) COLLATE utf8_unicode_ci NOT NULL DEFAULT '',
  `email` varchar(100) COLLATE utf8_unicode_ci DEFAULT NULL,
  `language` varchar(20) COLLATE utf8_unicode_ci DEFAULT NULL,
  `date_format` tinyint(1) NOT NULL DEFAULT '0',
  `date_sep` tinyint(1) NOT NULL DEFAULT '0',
  `tho_sep` tinyint(1) NOT NULL DEFAULT '0',
  `dec_sep` tinyint(1) NOT NULL DEFAULT '0',
  `theme` varchar(20) COLLATE utf8_unicode_ci NOT NULL DEFAULT 'default',
  `page_size` varchar(20) COLLATE utf8_unicode_ci NOT NULL DEFAULT 'A4',
  `prices_dec` smallint(6) NOT NULL DEFAULT '2',
  `qty_dec` smallint(6) NOT NULL DEFAULT '2',
  `rates_dec` smallint(6) NOT NULL DEFAULT '4',
  `percent_dec` smallint(6) NOT NULL DEFAULT '1',
  `show_gl` tinyint(1) NOT NULL DEFAULT '1',
  `show_codes` tinyint(1) NOT NULL DEFAULT '0',
  `show_hints` tinyint(1) NOT NULL DEFAULT '0',
  `last_visit_date` datetime DEFAULT NULL,
  `query_size` tinyint(1) unsigned NOT NULL DEFAULT '10',
  `graphic_links` tinyint(1) DEFAULT '1',
  `pos` smallint(6) DEFAULT '1',
  `print_profile` varchar(30) COLLATE utf8_unicode_ci NOT NULL DEFAULT '',
  `rep_popup` tinyint(1) DEFAULT '1',
  `sticky_doc_date` tinyint(1) DEFAULT '0',
  `startup_tab` varchar(20) COLLATE utf8_unicode_ci NOT NULL DEFAULT '',
  `transaction_days` smallint(6) NOT NULL DEFAULT '30',
  `save_report_selections` smallint(6) NOT NULL DEFAULT '0',
  `use_date_picker` tinyint(1) NOT NULL DEFAULT '1',
  `def_print_destination` tinyint(1) NOT NULL DEFAULT '0',
  `def_print_orientation` tinyint(1) NOT NULL DEFAULT '0',
  `inactive` tinyint(1) NOT NULL DEFAULT '0',
  PRIMARY KEY (`id`),
  UNIQUE KEY `user_id` (`user_id`)
) ENGINE=InnoDB AUTO_INCREMENT=2 DEFAULT CHARSET=utf8 COLLATE=utf8_unicode_ci ;

### Data of table `users` ###

INSERT INTO `users` VALUES
('1', 'admin', 'af8c0c4a39efc84c06e95744278a17b4', 'Administrator', '2', '', 'admin@example.com', 'C', '1', '0', '0', '0', 'anterp', 'Letter', '2', '2', '4', '2', '1', '1', '1', '2020-07-23 13:59:40', '10', '1', '1', '', '1', '0', 'orders', '30', '0', '1', '0', '0', '0');

### Structure of table `voided` ###

DROP TABLE IF EXISTS `voided`;

CREATE TABLE `voided` (
  `type` int(11) NOT NULL DEFAULT '0',
  `id` int(11) NOT NULL DEFAULT '0',
  `date_` date NOT NULL DEFAULT '0000-00-00',
  `memo_` tinytext COLLATE utf8_unicode_ci NOT NULL,
  UNIQUE KEY `id` (`type`,`id`)
) ENGINE=InnoDB DEFAULT CHARSET=utf8 COLLATE=utf8_unicode_ci ;

### Data of table `voided` ###


### Structure of table `wo_costing` ###

DROP TABLE IF EXISTS `wo_costing`;

CREATE TABLE `wo_costing` (
  `id` int(11) NOT NULL AUTO_INCREMENT,
  `workorder_id` int(11) NOT NULL DEFAULT '0',
  `cost_type` tinyint(1) NOT NULL DEFAULT '0',
  `trans_type` int(11) NOT NULL DEFAULT '0',
  `trans_no` int(11) NOT NULL DEFAULT '0',
  `factor` double NOT NULL DEFAULT '1',
  PRIMARY KEY (`id`)
) ENGINE=InnoDB DEFAULT CHARSET=utf8 COLLATE=utf8_unicode_ci ;

### Data of table `wo_costing` ###


### Structure of table `wo_issue_items` ###

DROP TABLE IF EXISTS `wo_issue_items`;

CREATE TABLE `wo_issue_items` (
  `id` int(11) NOT NULL AUTO_INCREMENT,
  `stock_id` varchar(40) COLLATE utf8_unicode_ci DEFAULT NULL,
  `issue_id` int(11) DEFAULT NULL,
  `qty_issued` double DEFAULT NULL,
  `unit_cost` double NOT NULL DEFAULT '0',
  PRIMARY KEY (`id`)
) ENGINE=InnoDB DEFAULT CHARSET=utf8 COLLATE=utf8_unicode_ci ;

### Data of table `wo_issue_items` ###


### Structure of table `wo_issues` ###

DROP TABLE IF EXISTS `wo_issues`;

CREATE TABLE `wo_issues` (
  `issue_no` int(11) NOT NULL AUTO_INCREMENT,
  `workorder_id` int(11) NOT NULL DEFAULT '0',
  `reference` varchar(100) COLLATE utf8_unicode_ci DEFAULT NULL,
  `issue_date` date DEFAULT NULL,
  `loc_code` varchar(5) COLLATE utf8_unicode_ci DEFAULT NULL,
  `workcentre_id` int(11) DEFAULT NULL,
  PRIMARY KEY (`issue_no`),
  KEY `workorder_id` (`workorder_id`)
) ENGINE=InnoDB DEFAULT CHARSET=utf8 COLLATE=utf8_unicode_ci ;

### Data of table `wo_issues` ###


### Structure of table `wo_manufacture` ###

DROP TABLE IF EXISTS `wo_manufacture`;

CREATE TABLE `wo_manufacture` (
  `id` int(11) NOT NULL AUTO_INCREMENT,
  `reference` varchar(100) COLLATE utf8_unicode_ci DEFAULT NULL,
  `workorder_id` int(11) NOT NULL DEFAULT '0',
  `quantity` double NOT NULL DEFAULT '0',
  `date_` date NOT NULL DEFAULT '0000-00-00',
  PRIMARY KEY (`id`),
  KEY `workorder_id` (`workorder_id`)
) ENGINE=InnoDB DEFAULT CHARSET=utf8 COLLATE=utf8_unicode_ci ;

### Data of table `wo_manufacture` ###


### Structure of table `wo_requirements` ###

DROP TABLE IF EXISTS `wo_requirements`;

CREATE TABLE `wo_requirements` (
  `id` int(11) NOT NULL AUTO_INCREMENT,
  `workorder_id` int(11) NOT NULL DEFAULT '0',
  `stock_id` char(20) COLLATE utf8_unicode_ci NOT NULL DEFAULT '',
  `workcentre` int(11) NOT NULL DEFAULT '0',
  `units_req` double NOT NULL DEFAULT '1',
  `unit_cost` double NOT NULL DEFAULT '0',
  `loc_code` char(5) COLLATE utf8_unicode_ci NOT NULL DEFAULT '',
  `units_issued` double NOT NULL DEFAULT '0',
  PRIMARY KEY (`id`),
  KEY `workorder_id` (`workorder_id`)
) ENGINE=InnoDB DEFAULT CHARSET=utf8 COLLATE=utf8_unicode_ci ;

### Data of table `wo_requirements` ###


### Structure of table `workcentres` ###

DROP TABLE IF EXISTS `workcentres`;

CREATE TABLE `workcentres` (
  `id` int(11) NOT NULL AUTO_INCREMENT,
  `name` char(40) COLLATE utf8_unicode_ci NOT NULL DEFAULT '',
  `description` char(50) COLLATE utf8_unicode_ci NOT NULL DEFAULT '',
  `inactive` tinyint(1) NOT NULL DEFAULT '0',
  PRIMARY KEY (`id`),
  UNIQUE KEY `name` (`name`)
) ENGINE=InnoDB DEFAULT CHARSET=utf8 COLLATE=utf8_unicode_ci ;

### Data of table `workcentres` ###


### Structure of table `workorders` ###

DROP TABLE IF EXISTS `workorders`;

CREATE TABLE `workorders` (
  `id` int(11) NOT NULL AUTO_INCREMENT,
  `wo_ref` varchar(60) COLLATE utf8_unicode_ci NOT NULL DEFAULT '',
  `loc_code` varchar(5) COLLATE utf8_unicode_ci NOT NULL DEFAULT '',
  `units_reqd` double NOT NULL DEFAULT '1',
  `stock_id` varchar(20) COLLATE utf8_unicode_ci NOT NULL DEFAULT '',
  `date_` date NOT NULL DEFAULT '0000-00-00',
  `type` tinyint(4) NOT NULL DEFAULT '0',
  `required_by` date NOT NULL DEFAULT '0000-00-00',
  `released_date` date NOT NULL DEFAULT '0000-00-00',
  `units_issued` double NOT NULL DEFAULT '0',
  `closed` tinyint(1) NOT NULL DEFAULT '0',
  `released` tinyint(1) NOT NULL DEFAULT '0',
  `additional_costs` double NOT NULL DEFAULT '0',
  PRIMARY KEY (`id`),
  UNIQUE KEY `wo_ref` (`wo_ref`)
) ENGINE=InnoDB DEFAULT CHARSET=utf8 COLLATE=utf8_unicode_ci ;

### Data of table `workorders` ###
